antecedents,consequents,support,confidence,lift
Cat_10,"Cat_13, Cat_15",0.184,0.47,1.911
"Cat_13, Cat_15",Cat_10,0.184,0.748,1.911
"Cat_10, Cat_16",Cat_13,0.187,0.723,1.891
Cat_13,"Cat_10, Cat_16",0.187,0.49,1.891
Cat_13,"Cat_10, Cat_15",0.184,0.481,1.888
"Cat_10, Cat_15",Cat_13,0.184,0.722,1.888
Cat_15,"Cat_10, Cat_13",0.184,0.447,1.831
"Cat_10, Cat_13",Cat_15,0.184,0.753,1.831
"Cat_12, Cat_6",Cat_13,0.151,0.696,1.821
Cat_13,"Cat_12, Cat_6",0.151,0.394,1.821
"Cat_10, Cat_4",Cat_13,0.19,0.694,1.816
Cat_13,"Cat_10, Cat_4",0.19,0.498,1.816
"Cat_10, Cat_11",Cat_15,0.225,0.741,1.8
Cat_15,"Cat_10, Cat_11",0.225,0.548,1.8
"Cat_15, Cat_16",Cat_13,0.194,0.688,1.8
Cat_13,"Cat_15, Cat_16",0.194,0.507,1.8
"Cat_10, Cat_3",Cat_13,0.2,0.685,1.793
Cat_13,"Cat_10, Cat_3",0.2,0.523,1.793
Cat_13,"Cat_10, Cat_11",0.208,0.545,1.793
"Cat_10, Cat_11",Cat_13,0.208,0.685,1.793
"Cat_10, Cat_4",Cat_15,0.201,0.735,1.787
Cat_15,"Cat_10, Cat_4",0.201,0.49,1.787
Cat_13,"Cat_15, Cat_4",0.202,0.529,1.782
"Cat_15, Cat_4",Cat_13,0.202,0.681,1.782
Cat_7,"Cat_10, Cat_6",0.15,0.609,1.765
"Cat_10, Cat_6",Cat_7,0.15,0.436,1.765
"Cat_13, Cat_4",Cat_15,0.202,0.726,1.765
Cat_15,"Cat_13, Cat_4",0.202,0.492,1.765
Cat_15,"Cat_10, Cat_16",0.188,0.457,1.764
"Cat_10, Cat_16",Cat_15,0.188,0.726,1.764
"Cat_15, Cat_6",Cat_13,0.23,0.673,1.76
Cat_13,"Cat_15, Cat_6",0.23,0.601,1.76
"Cat_11, Cat_13",Cat_15,0.222,0.723,1.759
Cat_15,"Cat_11, Cat_13",0.222,0.539,1.759
"Cat_10, Cat_6",Cat_13,0.231,0.671,1.754
Cat_13,"Cat_10, Cat_6",0.231,0.605,1.754
Cat_10,"Cat_15, Cat_6",0.234,0.597,1.749
"Cat_15, Cat_6",Cat_10,0.234,0.685,1.749
"Cat_13, Cat_16",Cat_10,0.187,0.683,1.745
Cat_10,"Cat_13, Cat_16",0.187,0.479,1.745
Cat_10,"Cat_13, Cat_4",0.19,0.486,1.745
"Cat_13, Cat_4",Cat_10,0.19,0.683,1.745
Cat_10,"Cat_13, Cat_2",0.228,0.582,1.739
"Cat_13, Cat_2",Cat_10,0.228,0.681,1.739
Cat_10,"Cat_11, Cat_13",0.208,0.533,1.739
"Cat_11, Cat_13",Cat_10,0.208,0.681,1.739
"Cat_10, Cat_3",Cat_15,0.208,0.714,1.737
Cat_15,"Cat_10, Cat_3",0.208,0.507,1.737
Cat_13,"Cat_10, Cat_2",0.228,0.596,1.736
"Cat_10, Cat_2",Cat_13,0.228,0.664,1.736
"Cat_15, Cat_4",Cat_10,0.201,0.679,1.735
Cat_10,"Cat_15, Cat_4",0.201,0.515,1.735
Cat_12,"Cat_13, Cat_2",0.153,0.58,1.733
"Cat_13, Cat_2",Cat_12,0.153,0.458,1.733
Cat_13,"Cat_15, Cat_3",0.209,0.548,1.728
"Cat_15, Cat_3",Cat_13,0.209,0.66,1.728
"Cat_13, Cat_6",Cat_10,0.231,0.675,1.725
Cat_10,"Cat_13, Cat_6",0.231,0.591,1.725
Cat_15,"Cat_13, Cat_16",0.194,0.471,1.718
"Cat_13, Cat_16",Cat_15,0.194,0.707,1.718
Cat_10,"Cat_6, Cat_7",0.15,0.384,1.715
"Cat_6, Cat_7",Cat_10,0.15,0.671,1.715
Cat_13,"Cat_11, Cat_15",0.222,0.579,1.714
"Cat_11, Cat_15",Cat_13,0.222,0.655,1.714
Cat_10,"Cat_15, Cat_16",0.188,0.48,1.705
"Cat_15, Cat_16",Cat_10,0.188,0.667,1.705
"Cat_13, Cat_3",Cat_10,0.2,0.667,1.704
Cat_10,"Cat_13, Cat_3",0.2,0.511,1.704
Cat_10,"Cat_11, Cat_15",0.225,0.575,1.702
"Cat_11, Cat_15",Cat_10,0.225,0.666,1.702
Cat_15,"Cat_13, Cat_3",0.209,0.509,1.697
"Cat_13, Cat_3",Cat_15,0.209,0.698,1.697
"Cat_10, Cat_2",Cat_15,0.239,0.697,1.695
Cat_15,"Cat_10, Cat_2",0.239,0.582,1.695
"Cat_12, Cat_2",Cat_13,0.153,0.648,1.694
Cat_13,"Cat_12, Cat_2",0.153,0.401,1.694
Cat_15,"Cat_13, Cat_2",0.232,0.565,1.687
"Cat_13, Cat_2",Cat_15,0.232,0.694,1.687
"Cat_15, Cat_3",Cat_10,0.208,0.658,1.68
Cat_10,"Cat_15, Cat_3",0.208,0.533,1.68
"Cat_15, Cat_2",Cat_10,0.239,0.654,1.671
Cat_10,"Cat_15, Cat_2",0.239,0.611,1.671
Cat_12,"Cat_13, Cat_6",0.151,0.57,1.665
"Cat_13, Cat_6",Cat_12,0.151,0.44,1.665
Cat_13,"Cat_15, Cat_2",0.232,0.607,1.66
"Cat_15, Cat_2",Cat_13,0.232,0.635,1.66
"Cat_10, Cat_2",Cat_12,0.15,0.438,1.659
Cat_12,"Cat_10, Cat_2",0.15,0.569,1.659
Cat_18,"Cat_4, Cat_6",0.155,0.719,1.657
"Cat_4, Cat_6",Cat_18,0.155,0.357,1.657
Cat_13,"Cat_16, Cat_4",0.214,0.56,1.652
"Cat_16, Cat_4",Cat_13,0.214,0.632,1.652
"Cat_16, Cat_6",Cat_18,0.152,0.356,1.652
Cat_18,"Cat_16, Cat_6",0.152,0.705,1.652
"Cat_10, Cat_6",Cat_15,0.234,0.678,1.648
Cat_15,"Cat_10, Cat_6",0.234,0.568,1.648
"Cat_1, Cat_7",Cat_13,0.153,0.63,1.647
Cat_13,"Cat_1, Cat_7",0.153,0.401,1.647
"Cat_10, Cat_5",Cat_13,0.243,0.629,1.646
Cat_13,"Cat_10, Cat_5",0.243,0.635,1.646
"Cat_10, Cat_8",Cat_13,0.243,0.629,1.646
Cat_13,"Cat_10, Cat_8",0.243,0.637,1.646
"Cat_1, Cat_10",Cat_13,0.243,0.628,1.642
Cat_13,"Cat_1, Cat_10",0.243,0.635,1.642
"Cat_13, Cat_5",Cat_7,0.154,0.405,1.641
Cat_7,"Cat_13, Cat_5",0.154,0.622,1.641
"Cat_1, Cat_13",Cat_7,0.153,0.405,1.639
Cat_7,"Cat_1, Cat_13",0.153,0.622,1.639
Cat_7,"Cat_13, Cat_8",0.154,0.622,1.639
"Cat_13, Cat_8",Cat_7,0.154,0.405,1.639
"Cat_16, Cat_2",Cat_18,0.151,0.353,1.639
Cat_18,"Cat_16, Cat_2",0.151,0.7,1.639
Cat_10,"Cat_13, Cat_8",0.243,0.622,1.638
"Cat_13, Cat_8",Cat_10,0.243,0.641,1.638
"Cat_10, Cat_5",Cat_7,0.156,0.404,1.637
Cat_7,"Cat_10, Cat_5",0.156,0.632,1.637
"Cat_7, Cat_8",Cat_13,0.154,0.626,1.637
Cat_13,"Cat_7, Cat_8",0.154,0.402,1.637
Cat_10,"Cat_1, Cat_13",0.243,0.621,1.636
"Cat_1, Cat_13",Cat_10,0.243,0.641,1.636
"Cat_5, Cat_7",Cat_13,0.154,0.625,1.636
Cat_13,"Cat_5, Cat_7",0.154,0.402,1.636
Cat_10,"Cat_13, Cat_5",0.243,0.621,1.636
"Cat_13, Cat_5",Cat_10,0.243,0.64,1.636
Cat_7,"Cat_10, Cat_8",0.156,0.632,1.634
"Cat_10, Cat_8",Cat_7,0.156,0.403,1.634
Cat_13,Cat_10,0.244,0.639,1.632
Cat_10,Cat_13,0.244,0.624,1.632
Cat_15,"Cat_13, Cat_6",0.23,0.558,1.631
"Cat_13, Cat_6",Cat_15,0.23,0.671,1.631
Cat_13,Cat_7,0.154,0.402,1.628
Cat_7,Cat_13,0.154,0.622,1.628
Cat_10,"Cat_1, Cat_7",0.155,0.396,1.626
"Cat_1, Cat_7",Cat_10,0.155,0.636,1.626
Cat_10,"Cat_12, Cat_2",0.15,0.384,1.625
"Cat_12, Cat_2",Cat_10,0.15,0.636,1.625
"Cat_1, Cat_10",Cat_7,0.155,0.401,1.624
Cat_7,"Cat_1, Cat_10",0.155,0.629,1.624
"Cat_7, Cat_8",Cat_10,0.156,0.636,1.624
Cat_10,"Cat_7, Cat_8",0.156,0.399,1.624
"Cat_5, Cat_7",Cat_10,0.156,0.635,1.622
Cat_10,"Cat_5, Cat_7",0.156,0.399,1.622
Cat_10,Cat_7,0.156,0.399,1.616
Cat_7,Cat_10,0.156,0.633,1.616
"Cat_1, Cat_12",Cat_13,0.16,0.612,1.602
Cat_13,"Cat_1, Cat_12",0.16,0.417,1.602
Cat_12,"Cat_13, Cat_5",0.16,0.607,1.599
"Cat_13, Cat_5",Cat_12,0.16,0.422,1.599
Cat_12,"Cat_13, Cat_8",0.16,0.607,1.598
"Cat_13, Cat_8",Cat_12,0.16,0.422,1.598
Cat_15,"Cat_1, Cat_10",0.254,0.618,1.597
"Cat_1, Cat_10",Cat_15,0.254,0.657,1.597
"Cat_12, Cat_5",Cat_13,0.16,0.611,1.597
Cat_13,"Cat_12, Cat_5",0.16,0.419,1.597
"Cat_10, Cat_5",Cat_15,0.253,0.657,1.596
Cat_15,"Cat_10, Cat_5",0.253,0.616,1.596
Cat_13,"Cat_12, Cat_8",0.16,0.419,1.596
"Cat_12, Cat_8",Cat_13,0.16,0.61,1.596
Cat_13,"Cat_16, Cat_6",0.26,0.681,1.595
"Cat_16, Cat_6",Cat_13,0.26,0.61,1.595
"Cat_15, Cat_8",Cat_10,0.253,0.624,1.593
Cat_10,"Cat_15, Cat_8",0.253,0.647,1.593
Cat_12,"Cat_1, Cat_13",0.16,0.604,1.593
"Cat_1, Cat_13",Cat_12,0.16,0.421,1.593
Cat_15,"Cat_10, Cat_8",0.253,0.616,1.593
"Cat_10, Cat_8",Cat_15,0.253,0.655,1.593
Cat_10,"Cat_15, Cat_5",0.253,0.647,1.593
"Cat_15, Cat_5",Cat_10,0.253,0.623,1.593
Cat_12,"Cat_11, Cat_4",0.168,0.636,1.59
"Cat_11, Cat_4",Cat_12,0.168,0.42,1.59
Cat_12,Cat_13,0.16,0.607,1.587
Cat_13,Cat_12,0.16,0.419,1.587
Cat_10,"Cat_1, Cat_15",0.254,0.65,1.586
"Cat_1, Cat_15",Cat_10,0.254,0.621,1.586
Cat_13,"Cat_11, Cat_4",0.242,0.633,1.584
"Cat_11, Cat_4",Cat_13,0.242,0.606,1.584
Cat_15,Cat_10,0.255,0.62,1.584
Cat_10,Cat_15,0.255,0.651,1.584
Cat_7,"Cat_16, Cat_6",0.167,0.675,1.583
"Cat_16, Cat_6",Cat_7,0.167,0.391,1.583
Cat_18,"Cat_11, Cat_6",0.162,0.752,1.581
"Cat_11, Cat_6",Cat_18,0.162,0.34,1.581
Cat_15,"Cat_11, Cat_4",0.26,0.631,1.58
"Cat_11, Cat_4",Cat_15,0.26,0.65,1.58
Cat_13,"Cat_15, Cat_8",0.245,0.642,1.579
"Cat_15, Cat_8",Cat_13,0.245,0.604,1.579
Cat_13,"Cat_15, Cat_5",0.245,0.642,1.578
"Cat_15, Cat_5",Cat_13,0.245,0.603,1.578
"Cat_1, Cat_13",Cat_15,0.246,0.648,1.576
Cat_15,"Cat_1, Cat_13",0.246,0.598,1.576
"Cat_11, Cat_3",Cat_18,0.15,0.339,1.575
Cat_18,"Cat_11, Cat_3",0.15,0.697,1.575
"Cat_11, Cat_6",Cat_13,0.286,0.601,1.573
Cat_13,"Cat_11, Cat_6",0.286,0.748,1.573
"Cat_13, Cat_5",Cat_15,0.245,0.647,1.572
Cat_15,"Cat_13, Cat_5",0.245,0.596,1.572
"Cat_11, Cat_16",Cat_13,0.24,0.601,1.571
Cat_13,"Cat_11, Cat_16",0.24,0.628,1.571
Cat_15,"Cat_13, Cat_8",0.245,0.596,1.57
"Cat_13, Cat_8",Cat_15,0.245,0.646,1.57
Cat_13,"Cat_1, Cat_15",0.246,0.643,1.57
"Cat_1, Cat_15",Cat_13,0.246,0.6,1.57
Cat_15,"Cat_16, Cat_4",0.218,0.531,1.565
"Cat_16, Cat_4",Cat_15,0.218,0.644,1.565
Cat_15,Cat_13,0.246,0.598,1.564
Cat_13,Cat_15,0.246,0.643,1.564
Cat_7,"Cat_4, Cat_6",0.167,0.675,1.554
"Cat_4, Cat_6",Cat_7,0.167,0.384,1.554
Cat_12,"Cat_10, Cat_5",0.158,0.599,1.552
"Cat_10, Cat_5",Cat_12,0.158,0.41,1.552
"Cat_4, Cat_6",Cat_13,0.257,0.591,1.547
Cat_13,"Cat_4, Cat_6",0.257,0.671,1.547
Cat_12,"Cat_10, Cat_8",0.158,0.598,1.547
"Cat_10, Cat_8",Cat_12,0.158,0.409,1.547
Cat_10,"Cat_1, Cat_12",0.158,0.402,1.544
"Cat_1, Cat_12",Cat_10,0.158,0.605,1.544
"Cat_3, Cat_6",Cat_7,0.185,0.381,1.544
Cat_7,"Cat_3, Cat_6",0.185,0.75,1.544
"Cat_16, Cat_2",Cat_13,0.252,0.59,1.542
Cat_13,"Cat_16, Cat_2",0.252,0.659,1.542
Cat_12,"Cat_1, Cat_10",0.158,0.596,1.541
"Cat_1, Cat_10",Cat_12,0.158,0.407,1.541
Cat_10,"Cat_12, Cat_5",0.158,0.404,1.54
"Cat_12, Cat_5",Cat_10,0.158,0.603,1.54
"Cat_11, Cat_16",Cat_15,0.253,0.633,1.54
Cat_15,"Cat_11, Cat_16",0.253,0.615,1.54
"Cat_12, Cat_8",Cat_10,0.158,0.602,1.537
Cat_10,"Cat_12, Cat_8",0.158,0.404,1.537
"Cat_2, Cat_4",Cat_18,0.16,0.331,1.537
Cat_18,"Cat_2, Cat_4",0.16,0.744,1.537
"Cat_16, Cat_3",Cat_13,0.23,0.588,1.537
Cat_13,"Cat_16, Cat_3",0.23,0.602,1.537
"Cat_11, Cat_2",Cat_18,0.164,0.33,1.535
Cat_18,"Cat_11, Cat_2",0.164,0.762,1.535
Cat_7,"Cat_11, Cat_6",0.18,0.73,1.535
"Cat_11, Cat_6",Cat_7,0.18,0.379,1.535
"Cat_11, Cat_4",Cat_7,0.151,0.379,1.535
Cat_7,"Cat_11, Cat_4",0.151,0.613,1.535
"Cat_4, Cat_6",Cat_12,0.176,0.405,1.532
Cat_12,"Cat_4, Cat_6",0.176,0.665,1.532
Cat_10,Cat_12,0.158,0.404,1.53
Cat_12,Cat_10,0.158,0.599,1.53
Cat_18,"Cat_3, Cat_6",0.16,0.742,1.527
"Cat_3, Cat_6",Cat_18,0.16,0.329,1.527
Cat_12,"Cat_3, Cat_4",0.184,0.695,1.527
"Cat_3, Cat_4",Cat_12,0.184,0.403,1.527
Cat_7,"Cat_11, Cat_16",0.15,0.609,1.525
"Cat_11, Cat_16",Cat_7,0.15,0.376,1.525
Cat_15,"Cat_11, Cat_2",0.311,0.757,1.525
"Cat_11, Cat_2",Cat_15,0.311,0.627,1.525
"Cat_11, Cat_3",Cat_7,0.166,0.375,1.52
Cat_7,"Cat_11, Cat_3",0.166,0.673,1.52
"Cat_11, Cat_3",Cat_12,0.177,0.4,1.515
Cat_12,"Cat_11, Cat_3",0.177,0.67,1.515
Cat_7,"Cat_16, Cat_2",0.16,0.646,1.513
"Cat_16, Cat_2",Cat_7,0.16,0.373,1.513
Cat_7,"Cat_15, Cat_8",0.152,0.615,1.513
"Cat_15, Cat_8",Cat_7,0.152,0.373,1.513
Cat_12,"Cat_2, Cat_4",0.193,0.731,1.512
"Cat_2, Cat_4",Cat_12,0.193,0.399,1.512
"Cat_1, Cat_7",Cat_15,0.151,0.621,1.51
Cat_15,"Cat_1, Cat_7",0.151,0.368,1.51
Cat_10,"Cat_16, Cat_4",0.2,0.512,1.51
"Cat_16, Cat_4",Cat_10,0.2,0.591,1.51
"Cat_18, Cat_6",Cat_16,0.152,0.795,1.509
Cat_16,"Cat_18, Cat_6",0.152,0.288,1.509
"Cat_15, Cat_5",Cat_7,0.151,0.372,1.509
Cat_7,"Cat_15, Cat_5",0.151,0.613,1.509
Cat_15,"Cat_11, Cat_6",0.295,0.716,1.506
"Cat_11, Cat_6",Cat_15,0.295,0.619,1.506
Cat_13,"Cat_11, Cat_3",0.255,0.666,1.505
"Cat_11, Cat_3",Cat_13,0.255,0.575,1.505
Cat_18,"Cat_2, Cat_6",0.177,0.822,1.504
"Cat_2, Cat_6",Cat_18,0.177,0.324,1.504
"Cat_7, Cat_8",Cat_15,0.152,0.618,1.503
Cat_15,"Cat_7, Cat_8",0.152,0.369,1.503
Cat_15,"Cat_5, Cat_7",0.151,0.368,1.499
"Cat_5, Cat_7",Cat_15,0.151,0.616,1.499
Cat_7,"Cat_1, Cat_15",0.151,0.613,1.498
"Cat_1, Cat_15",Cat_7,0.151,0.37,1.498
Cat_16,"Cat_13, Cat_15",0.194,0.368,1.497
"Cat_13, Cat_15",Cat_16,0.194,0.788,1.497
Cat_15,"Cat_11, Cat_3",0.272,0.662,1.496
"Cat_11, Cat_3",Cat_15,0.272,0.615,1.496
Cat_7,Cat_15,0.152,0.615,1.495
Cat_15,Cat_7,0.152,0.369,1.495
Cat_13,"Cat_11, Cat_2",0.283,0.739,1.49
"Cat_11, Cat_2",Cat_13,0.283,0.57,1.49
"Cat_13, Cat_15",Cat_11,0.222,0.901,1.489
Cat_11,"Cat_13, Cat_15",0.222,0.366,1.489
"Cat_11, Cat_13",Cat_16,0.24,0.784,1.489
Cat_16,"Cat_11, Cat_13",0.24,0.456,1.489
"Cat_16, Cat_3",Cat_12,0.154,0.393,1.486
Cat_12,"Cat_16, Cat_3",0.154,0.582,1.486
"Cat_11, Cat_6",Cat_10,0.277,0.582,1.486
Cat_10,"Cat_11, Cat_6",0.277,0.707,1.486
"Cat_12, Cat_3",Cat_4,0.184,0.841,1.485
Cat_4,"Cat_12, Cat_3",0.184,0.325,1.485
"Cat_15, Cat_16",Cat_11,0.253,0.898,1.485
Cat_11,"Cat_15, Cat_16",0.253,0.419,1.485
"Cat_11, Cat_7",Cat_16,0.15,0.781,1.482
Cat_16,"Cat_11, Cat_7",0.15,0.286,1.482
Cat_13,"Cat_3, Cat_6",0.275,0.72,1.482
"Cat_3, Cat_6",Cat_13,0.275,0.567,1.482
"Cat_11, Cat_4",Cat_10,0.232,0.58,1.481
Cat_10,"Cat_11, Cat_4",0.232,0.592,1.481
"Cat_2, Cat_6",Cat_7,0.199,0.365,1.477
Cat_7,"Cat_2, Cat_6",0.199,0.807,1.477
Cat_12,"Cat_11, Cat_16",0.156,0.59,1.476
"Cat_11, Cat_16",Cat_12,0.156,0.39,1.476
Cat_11,"Cat_12, Cat_16",0.156,0.258,1.475
"Cat_12, Cat_16",Cat_11,0.156,0.892,1.475
Cat_15,"Cat_16, Cat_2",0.259,0.63,1.474
"Cat_16, Cat_2",Cat_15,0.259,0.606,1.474
"Cat_2, Cat_6",Cat_13,0.307,0.562,1.469
Cat_13,"Cat_2, Cat_6",0.307,0.802,1.469
Cat_12,"Cat_16, Cat_2",0.166,0.627,1.468
"Cat_16, Cat_2",Cat_12,0.166,0.388,1.468
"Cat_4, Cat_6",Cat_15,0.262,0.603,1.466
Cat_15,"Cat_4, Cat_6",0.262,0.636,1.466
Cat_10,"Cat_4, Cat_6",0.249,0.636,1.465
"Cat_4, Cat_6",Cat_10,0.249,0.573,1.465
"Cat_18, Cat_2",Cat_16,0.151,0.771,1.464
Cat_16,"Cat_18, Cat_2",0.151,0.286,1.464
Cat_12,"Cat_11, Cat_2",0.192,0.726,1.464
"Cat_11, Cat_2",Cat_12,0.192,0.387,1.464
Cat_11,"Cat_10, Cat_15",0.225,0.373,1.461
"Cat_10, Cat_15",Cat_11,0.225,0.883,1.461
"Cat_13, Cat_4",Cat_16,0.214,0.769,1.46
Cat_16,"Cat_13, Cat_4",0.214,0.407,1.46
"Cat_11, Cat_16",Cat_10,0.228,0.571,1.459
Cat_10,"Cat_11, Cat_16",0.228,0.583,1.459
Cat_16,"Cat_13, Cat_3",0.23,0.437,1.458
"Cat_13, Cat_3",Cat_16,0.23,0.768,1.458
"Cat_10, Cat_13",Cat_16,0.187,0.767,1.457
Cat_16,"Cat_10, Cat_13",0.187,0.356,1.457
"Cat_16, Cat_6",Cat_10,0.243,0.57,1.456
Cat_10,"Cat_16, Cat_6",0.243,0.621,1.456
"Cat_10, Cat_16",Cat_11,0.228,0.88,1.456
Cat_11,"Cat_10, Cat_16",0.228,0.377,1.456
Cat_15,"Cat_16, Cat_3",0.234,0.57,1.454
"Cat_16, Cat_3",Cat_15,0.234,0.598,1.454
"Cat_11, Cat_12",Cat_4,0.168,0.822,1.453
Cat_4,"Cat_11, Cat_12",0.168,0.297,1.453
"Cat_13, Cat_15",Cat_4,0.202,0.822,1.452
Cat_4,"Cat_13, Cat_15",0.202,0.357,1.452
"Cat_2, Cat_6",Cat_10,0.31,0.568,1.45
Cat_10,"Cat_2, Cat_6",0.31,0.792,1.45
Cat_12,"Cat_3, Cat_6",0.186,0.704,1.449
"Cat_3, Cat_6",Cat_12,0.186,0.383,1.449
"Cat_11, Cat_12",Cat_16,0.156,0.763,1.449
Cat_16,"Cat_11, Cat_12",0.156,0.296,1.449
"Cat_11, Cat_6",Cat_12,0.182,0.382,1.448
Cat_12,"Cat_11, Cat_6",0.182,0.689,1.448
Cat_11,"Cat_15, Cat_4",0.26,0.43,1.448
"Cat_15, Cat_4",Cat_11,0.26,0.875,1.448
Cat_11,"Cat_13, Cat_16",0.24,0.397,1.447
"Cat_13, Cat_16",Cat_11,0.24,0.875,1.447
"Cat_18, Cat_2",Cat_4,0.16,0.819,1.446
Cat_4,"Cat_18, Cat_2",0.16,0.283,1.446
Cat_15,"Cat_16, Cat_6",0.253,0.616,1.444
"Cat_16, Cat_6",Cat_15,0.253,0.594,1.444
Cat_4,"Cat_12, Cat_2",0.193,0.341,1.443
"Cat_12, Cat_2",Cat_4,0.193,0.817,1.443
"Cat_13, Cat_6",Cat_16,0.26,0.76,1.443
Cat_16,"Cat_13, Cat_6",0.26,0.494,1.443
Cat_12,"Cat_2, Cat_3",0.204,0.773,1.442
"Cat_2, Cat_3",Cat_12,0.204,0.381,1.442
Cat_4,"Cat_13, Cat_3",0.244,0.431,1.439
"Cat_13, Cat_3",Cat_4,0.244,0.814,1.439
Cat_10,"Cat_11, Cat_2",0.279,0.714,1.439
"Cat_11, Cat_2",Cat_10,0.279,0.563,1.439
"Cat_13, Cat_4",Cat_11,0.242,0.869,1.437
Cat_11,"Cat_13, Cat_4",0.242,0.4,1.437
"Cat_12, Cat_6",Cat_4,0.176,0.812,1.435
Cat_4,"Cat_12, Cat_6",0.176,0.31,1.435
"Cat_16, Cat_2",Cat_10,0.24,0.562,1.435
Cat_10,"Cat_16, Cat_2",0.24,0.613,1.435
Cat_7,"Cat_11, Cat_2",0.176,0.711,1.433
"Cat_11, Cat_2",Cat_7,0.176,0.354,1.433
"Cat_18, Cat_6",Cat_4,0.155,0.811,1.432
Cat_4,"Cat_18, Cat_6",0.155,0.274,1.432
Cat_11,"Cat_16, Cat_7",0.15,0.249,1.432
"Cat_16, Cat_7",Cat_11,0.15,0.866,1.432
Cat_12,"Cat_15, Cat_8",0.154,0.582,1.431
"Cat_15, Cat_8",Cat_12,0.154,0.378,1.431
Cat_18,"Cat_16, Cat_5",0.16,0.744,1.43
"Cat_16, Cat_5",Cat_18,0.16,0.308,1.43
Cat_16,"Cat_13, Cat_2",0.252,0.478,1.43
"Cat_13, Cat_2",Cat_16,0.252,0.753,1.43
Cat_11,"Cat_18, Cat_3",0.15,0.248,1.429
"Cat_18, Cat_3",Cat_11,0.15,0.864,1.429
"Cat_15, Cat_5",Cat_12,0.153,0.377,1.429
Cat_12,"Cat_15, Cat_5",0.153,0.581,1.429
Cat_15,"Cat_1, Cat_12",0.153,0.372,1.429
"Cat_1, Cat_12",Cat_15,0.153,0.588,1.429
"Cat_15, Cat_3",Cat_4,0.256,0.808,1.428
Cat_4,"Cat_15, Cat_3",0.256,0.453,1.428
Cat_11,"Cat_15, Cat_6",0.295,0.487,1.428
"Cat_15, Cat_6",Cat_11,0.295,0.863,1.428
"Cat_18, Cat_8",Cat_16,0.16,0.752,1.427
Cat_16,"Cat_18, Cat_8",0.16,0.303,1.427
Cat_18,"Cat_1, Cat_16",0.16,0.742,1.426
"Cat_1, Cat_16",Cat_18,0.16,0.307,1.426
Cat_16,"Cat_10, Cat_11",0.228,0.433,1.424
"Cat_10, Cat_11",Cat_16,0.228,0.75,1.424
Cat_18,"Cat_16, Cat_8",0.16,0.742,1.424
"Cat_16, Cat_8",Cat_18,0.16,0.306,1.424
Cat_15,"Cat_12, Cat_8",0.154,0.374,1.422
"Cat_12, Cat_8",Cat_15,0.154,0.585,1.422
Cat_13,"Cat_2, Cat_4",0.263,0.688,1.422
"Cat_2, Cat_4",Cat_13,0.263,0.544,1.422
Cat_15,"Cat_12, Cat_5",0.153,0.373,1.422
"Cat_12, Cat_5",Cat_15,0.153,0.585,1.422
"Cat_11, Cat_15",Cat_16,0.253,0.748,1.421
Cat_16,"Cat_11, Cat_15",0.253,0.481,1.421
Cat_16,"Cat_18, Cat_5",0.16,0.304,1.421
"Cat_18, Cat_5",Cat_16,0.16,0.748,1.421
"Cat_15, Cat_3",Cat_11,0.272,0.859,1.421
Cat_11,"Cat_15, Cat_3",0.272,0.45,1.421
"Cat_2, Cat_7",Cat_16,0.16,0.747,1.419
Cat_16,"Cat_2, Cat_7",0.16,0.303,1.419
Cat_16,"Cat_1, Cat_18",0.16,0.303,1.418
"Cat_1, Cat_18",Cat_16,0.16,0.747,1.418
"Cat_2, Cat_3",Cat_18,0.164,0.305,1.418
Cat_18,"Cat_2, Cat_3",0.164,0.76,1.418
"Cat_10, Cat_3",Cat_4,0.234,0.802,1.416
Cat_4,"Cat_10, Cat_3",0.234,0.413,1.416
"Cat_1, Cat_15",Cat_12,0.153,0.374,1.415
Cat_12,"Cat_1, Cat_15",0.153,0.58,1.415
"Cat_6, Cat_7",Cat_16,0.167,0.745,1.415
Cat_16,"Cat_6, Cat_7",0.167,0.317,1.415
Cat_12,"Cat_16, Cat_6",0.159,0.603,1.414
"Cat_16, Cat_6",Cat_12,0.159,0.374,1.414
Cat_15,Cat_12,0.154,0.374,1.414
Cat_12,Cat_15,0.154,0.582,1.414
Cat_18,Cat_16,0.16,0.744,1.414
Cat_16,Cat_18,0.16,0.304,1.414
"Cat_2, Cat_4",Cat_15,0.281,0.581,1.413
Cat_15,"Cat_2, Cat_4",0.281,0.683,1.413
Cat_11,"Cat_4, Cat_7",0.151,0.25,1.412
"Cat_4, Cat_7",Cat_11,0.151,0.854,1.412
Cat_11,"Cat_10, Cat_13",0.208,0.345,1.411
"Cat_10, Cat_13",Cat_11,0.208,0.853,1.411
Cat_4,"Cat_3, Cat_7",0.159,0.28,1.411
"Cat_3, Cat_7",Cat_4,0.159,0.798,1.411
Cat_7,"Cat_3, Cat_4",0.159,0.642,1.41
"Cat_3, Cat_4",Cat_7,0.159,0.348,1.41
"Cat_15, Cat_6",Cat_16,0.253,0.742,1.41
Cat_16,"Cat_15, Cat_6",0.253,0.481,1.41
Cat_10,"Cat_11, Cat_3",0.244,0.624,1.409
"Cat_11, Cat_3",Cat_10,0.244,0.552,1.409
Cat_10,"Cat_3, Cat_6",0.268,0.684,1.408
"Cat_3, Cat_6",Cat_10,0.268,0.551,1.408
"Cat_15, Cat_2",Cat_11,0.311,0.85,1.406
Cat_11,"Cat_15, Cat_2",0.311,0.515,1.406
"Cat_12, Cat_4",Cat_3,0.184,0.909,1.405
Cat_3,"Cat_12, Cat_4",0.184,0.284,1.405
"Cat_13, Cat_3",Cat_11,0.255,0.849,1.405
Cat_11,"Cat_13, Cat_3",0.255,0.421,1.405
Cat_16,"Cat_15, Cat_3",0.234,0.445,1.404
"Cat_15, Cat_3",Cat_16,0.234,0.739,1.404
Cat_11,"Cat_18, Cat_6",0.162,0.268,1.402
"Cat_18, Cat_6",Cat_11,0.162,0.848,1.402
Cat_13,"Cat_3, Cat_4",0.244,0.639,1.402
"Cat_3, Cat_4",Cat_13,0.244,0.536,1.402
Cat_12,"Cat_2, Cat_6",0.202,0.765,1.401
"Cat_2, Cat_6",Cat_12,0.202,0.37,1.401
"Cat_10, Cat_15",Cat_16,0.188,0.738,1.401
Cat_16,"Cat_10, Cat_15",0.188,0.357,1.401
Cat_16,"Cat_12, Cat_6",0.159,0.303,1.4
"Cat_12, Cat_6",Cat_16,0.159,0.737,1.4
Cat_11,"Cat_16, Cat_4",0.287,0.475,1.4
"Cat_16, Cat_4",Cat_11,0.287,0.846,1.4
Cat_18,"Cat_4, Cat_8",0.166,0.77,1.399
"Cat_4, Cat_8",Cat_18,0.166,0.301,1.399
Cat_11,"Cat_10, Cat_4",0.232,0.383,1.398
"Cat_10, Cat_4",Cat_11,0.232,0.845,1.398
"Cat_15, Cat_4",Cat_16,0.218,0.736,1.397
Cat_16,"Cat_15, Cat_4",0.218,0.415,1.397
Cat_11,"Cat_13, Cat_2",0.283,0.467,1.397
"Cat_13, Cat_2",Cat_11,0.283,0.845,1.397
Cat_15,"Cat_3, Cat_6",0.279,0.679,1.397
"Cat_3, Cat_6",Cat_15,0.279,0.575,1.397
Cat_4,"Cat_11, Cat_13",0.242,0.428,1.397
"Cat_11, Cat_13",Cat_4,0.242,0.79,1.397
"Cat_10, Cat_15",Cat_4,0.201,0.79,1.396
Cat_4,"Cat_10, Cat_15",0.201,0.356,1.396
"Cat_10, Cat_7",Cat_6,0.15,0.962,1.394
Cat_6,"Cat_10, Cat_7",0.15,0.218,1.394
"Cat_16, Cat_3",Cat_10,0.214,0.545,1.394
Cat_10,"Cat_16, Cat_3",0.214,0.546,1.394
"Cat_2, Cat_6",Cat_15,0.313,0.572,1.392
Cat_15,"Cat_2, Cat_6",0.313,0.76,1.392
Cat_11,"Cat_12, Cat_6",0.182,0.301,1.392
"Cat_12, Cat_6",Cat_11,0.182,0.841,1.392
"Cat_16, Cat_7",Cat_6,0.167,0.96,1.391
Cat_6,"Cat_16, Cat_7",0.167,0.242,1.391
"Cat_10, Cat_3",Cat_16,0.214,0.732,1.391
Cat_16,"Cat_10, Cat_3",0.214,0.406,1.391
"Cat_10, Cat_4",Cat_16,0.2,0.731,1.389
Cat_16,"Cat_10, Cat_4",0.2,0.381,1.389
"Cat_11, Cat_7",Cat_4,0.151,0.786,1.389
Cat_4,"Cat_11, Cat_7",0.151,0.268,1.389
"Cat_13, Cat_2",Cat_4,0.263,0.786,1.389
Cat_4,"Cat_13, Cat_2",0.263,0.465,1.389
Cat_11,"Cat_18, Cat_2",0.164,0.271,1.387
"Cat_18, Cat_2",Cat_11,0.164,0.839,1.387
Cat_18,"Cat_1, Cat_4",0.167,0.775,1.384
"Cat_1, Cat_4",Cat_18,0.167,0.298,1.384
Cat_11,"Cat_10, Cat_3",0.244,0.404,1.383
"Cat_10, Cat_3",Cat_11,0.244,0.837,1.383
"Cat_4, Cat_5",Cat_18,0.167,0.298,1.383
Cat_18,"Cat_4, Cat_5",0.167,0.775,1.383
Cat_11,"Cat_3, Cat_7",0.166,0.275,1.382
"Cat_3, Cat_7",Cat_11,0.166,0.836,1.382
Cat_12,"Cat_4, Cat_8",0.201,0.76,1.382
"Cat_4, Cat_8",Cat_12,0.201,0.365,1.382
Cat_11,"Cat_13, Cat_6",0.286,0.473,1.382
"Cat_13, Cat_6",Cat_11,0.286,0.835,1.382
Cat_3,"Cat_4, Cat_7",0.159,0.245,1.381
"Cat_4, Cat_7",Cat_3,0.159,0.894,1.381
Cat_4,"Cat_13, Cat_16",0.214,0.379,1.38
"Cat_13, Cat_16",Cat_4,0.214,0.781,1.38
Cat_16,"Cat_11, Cat_3",0.321,0.61,1.379
"Cat_11, Cat_3",Cat_16,0.321,0.726,1.379
"Cat_18, Cat_5",Cat_4,0.167,0.78,1.378
Cat_4,"Cat_1, Cat_18",0.167,0.295,1.378
Cat_4,"Cat_18, Cat_5",0.167,0.295,1.378
"Cat_1, Cat_18",Cat_4,0.167,0.78,1.378
Cat_4,"Cat_18, Cat_8",0.166,0.293,1.377
"Cat_18, Cat_8",Cat_4,0.166,0.78,1.377
Cat_4,"Cat_10, Cat_13",0.19,0.336,1.376
"Cat_10, Cat_13",Cat_4,0.19,0.779,1.376
Cat_15,"Cat_11, Cat_8",0.337,0.819,1.375
"Cat_11, Cat_8",Cat_15,0.337,0.566,1.375
Cat_13,"Cat_16, Cat_8",0.274,0.717,1.375
"Cat_16, Cat_8",Cat_13,0.274,0.526,1.375
Cat_6,"Cat_13, Cat_16",0.26,0.377,1.375
"Cat_13, Cat_16",Cat_6,0.26,0.949,1.375
"Cat_12, Cat_4",Cat_11,0.168,0.831,1.374
Cat_11,"Cat_12, Cat_4",0.168,0.278,1.374
Cat_13,"Cat_16, Cat_5",0.273,0.714,1.374
"Cat_16, Cat_5",Cat_13,0.273,0.525,1.374
"Cat_2, Cat_3",Cat_7,0.182,0.339,1.374
Cat_7,"Cat_2, Cat_3",0.182,0.737,1.374
Cat_13,"Cat_1, Cat_16",0.273,0.715,1.374
"Cat_1, Cat_16",Cat_13,0.273,0.525,1.374
Cat_18,Cat_4,0.167,0.777,1.373
Cat_4,Cat_18,0.167,0.295,1.373
Cat_6,"Cat_16, Cat_18",0.152,0.22,1.372
"Cat_16, Cat_18",Cat_6,0.152,0.947,1.372
Cat_16,"Cat_11, Cat_6",0.344,0.653,1.372
"Cat_11, Cat_6",Cat_16,0.344,0.722,1.372
Cat_7,"Cat_2, Cat_4",0.164,0.664,1.372
"Cat_2, Cat_4",Cat_7,0.164,0.339,1.372
"Cat_10, Cat_13",Cat_6,0.231,0.946,1.372
Cat_6,"Cat_10, Cat_13",0.231,0.335,1.372
"Cat_15, Cat_8",Cat_11,0.337,0.829,1.371
Cat_11,"Cat_15, Cat_8",0.337,0.557,1.371
Cat_16,"Cat_13, Cat_8",0.274,0.52,1.37
"Cat_13, Cat_8",Cat_16,0.274,0.722,1.37
Cat_15,"Cat_1, Cat_11",0.338,0.822,1.369
"Cat_1, Cat_11",Cat_15,0.338,0.563,1.369
"Cat_15, Cat_16",Cat_4,0.218,0.775,1.369
Cat_4,"Cat_15, Cat_16",0.218,0.386,1.369
Cat_16,"Cat_1, Cat_13",0.273,0.519,1.369
"Cat_1, Cat_13",Cat_16,0.273,0.721,1.369
"Cat_3, Cat_4",Cat_15,0.256,0.562,1.367
Cat_15,"Cat_3, Cat_4",0.256,0.623,1.367
"Cat_13, Cat_5",Cat_16,0.273,0.72,1.367
Cat_16,"Cat_13, Cat_5",0.273,0.519,1.367
Cat_15,"Cat_11, Cat_5",0.336,0.816,1.367
"Cat_11, Cat_5",Cat_15,0.336,0.562,1.367
Cat_4,"Cat_10, Cat_16",0.2,0.354,1.367
"Cat_10, Cat_16",Cat_4,0.2,0.773,1.367
"Cat_15, Cat_5",Cat_11,0.336,0.825,1.365
Cat_11,"Cat_15, Cat_5",0.336,0.555,1.365
Cat_10,"Cat_2, Cat_4",0.259,0.66,1.365
"Cat_2, Cat_4",Cat_10,0.259,0.534,1.365
"Cat_1, Cat_15",Cat_11,0.338,0.825,1.365
Cat_11,"Cat_1, Cat_15",0.338,0.559,1.365
Cat_13,"Cat_2, Cat_3",0.28,0.731,1.364
"Cat_2, Cat_3",Cat_13,0.28,0.522,1.364
"Cat_11, Cat_4",Cat_16,0.287,0.718,1.364
Cat_16,"Cat_11, Cat_4",0.287,0.545,1.364
Cat_13,Cat_16,0.274,0.718,1.363
Cat_16,Cat_13,0.274,0.521,1.363
"Cat_4, Cat_5",Cat_12,0.202,0.36,1.363
Cat_12,"Cat_4, Cat_5",0.202,0.763,1.363
Cat_6,"Cat_12, Cat_13",0.151,0.218,1.362
"Cat_12, Cat_13",Cat_6,0.151,0.94,1.362
Cat_4,"Cat_1, Cat_12",0.201,0.355,1.361
"Cat_1, Cat_12",Cat_4,0.201,0.77,1.361
"Cat_4, Cat_7",Cat_6,0.167,0.939,1.36
Cat_6,"Cat_4, Cat_7",0.167,0.241,1.36
Cat_3,"Cat_12, Cat_16",0.154,0.238,1.36
"Cat_12, Cat_16",Cat_3,0.154,0.88,1.36
Cat_6,"Cat_10, Cat_16",0.243,0.353,1.36
"Cat_10, Cat_16",Cat_6,0.243,0.938,1.36
Cat_11,Cat_15,0.338,0.559,1.36
Cat_15,Cat_11,0.338,0.822,1.36
Cat_11,"Cat_2, Cat_7",0.176,0.29,1.359
"Cat_2, Cat_7",Cat_11,0.176,0.822,1.359
"Cat_12, Cat_5",Cat_4,0.202,0.768,1.358
Cat_4,"Cat_12, Cat_5",0.202,0.356,1.358
"Cat_15, Cat_2",Cat_4,0.281,0.768,1.357
Cat_4,"Cat_15, Cat_2",0.281,0.497,1.357
"Cat_11, Cat_15",Cat_4,0.26,0.768,1.357
Cat_4,"Cat_11, Cat_15",0.26,0.459,1.357
Cat_12,"Cat_1, Cat_4",0.201,0.76,1.356
"Cat_1, Cat_4",Cat_12,0.201,0.358,1.356
"Cat_16, Cat_3",Cat_11,0.321,0.82,1.356
Cat_11,"Cat_16, Cat_3",0.321,0.531,1.356
"Cat_11, Cat_7",Cat_6,0.18,0.936,1.356
Cat_6,"Cat_11, Cat_7",0.18,0.261,1.356
"Cat_2, Cat_7",Cat_4,0.164,0.767,1.355
Cat_4,"Cat_2, Cat_7",0.164,0.289,1.355
Cat_4,"Cat_15, Cat_6",0.262,0.463,1.355
"Cat_15, Cat_6",Cat_4,0.262,0.767,1.355
Cat_4,"Cat_11, Cat_3",0.339,0.599,1.354
"Cat_11, Cat_3",Cat_4,0.339,0.766,1.354
Cat_3,"Cat_13, Cat_4",0.244,0.377,1.354
"Cat_13, Cat_4",Cat_3,0.244,0.876,1.354
"Cat_11, Cat_13",Cat_6,0.286,0.934,1.354
Cat_6,"Cat_11, Cat_13",0.286,0.415,1.354
Cat_6,"Cat_13, Cat_15",0.23,0.333,1.353
"Cat_13, Cat_15",Cat_6,0.23,0.934,1.353
"Cat_11, Cat_18",Cat_6,0.162,0.933,1.351
Cat_6,"Cat_11, Cat_18",0.162,0.235,1.351
"Cat_3, Cat_7",Cat_6,0.185,0.932,1.351
Cat_6,"Cat_3, Cat_7",0.185,0.268,1.351
Cat_12,Cat_4,0.202,0.765,1.351
Cat_4,Cat_12,0.202,0.357,1.351
"Cat_2, Cat_7",Cat_6,0.199,0.932,1.351
Cat_6,"Cat_2, Cat_7",0.199,0.289,1.351
Cat_4,"Cat_12, Cat_8",0.201,0.355,1.351
"Cat_12, Cat_8",Cat_4,0.201,0.765,1.351
"Cat_16, Cat_5",Cat_7,0.173,0.333,1.351
Cat_7,"Cat_16, Cat_5",0.173,0.702,1.351
"Cat_16, Cat_2",Cat_11,0.349,0.816,1.35
Cat_11,"Cat_16, Cat_2",0.349,0.577,1.35
"Cat_16, Cat_8",Cat_7,0.173,0.333,1.348
Cat_7,"Cat_16, Cat_8",0.173,0.703,1.348
"Cat_10, Cat_2",Cat_11,0.279,0.814,1.346
Cat_11,"Cat_10, Cat_2",0.279,0.462,1.346
Cat_16,"Cat_1, Cat_7",0.173,0.328,1.346
"Cat_1, Cat_7",Cat_16,0.173,0.709,1.346
"Cat_11, Cat_8",Cat_18,0.173,0.29,1.346
Cat_18,"Cat_11, Cat_8",0.173,0.802,1.346
"Cat_11, Cat_5",Cat_18,0.173,0.29,1.346
Cat_18,"Cat_11, Cat_5",0.173,0.804,1.346
"Cat_10, Cat_11",Cat_4,0.232,0.762,1.346
Cat_4,"Cat_10, Cat_11",0.232,0.409,1.346
"Cat_1, Cat_16",Cat_7,0.173,0.332,1.345
Cat_7,"Cat_1, Cat_16",0.173,0.7,1.345
"Cat_16, Cat_4",Cat_3,0.295,0.87,1.345
Cat_3,"Cat_16, Cat_4",0.295,0.456,1.345
"Cat_2, Cat_3",Cat_4,0.408,0.761,1.345
Cat_4,"Cat_2, Cat_3",0.408,0.721,1.345
Cat_16,"Cat_15, Cat_2",0.259,0.492,1.344
"Cat_15, Cat_2",Cat_16,0.259,0.708,1.344
Cat_11,"Cat_18, Cat_8",0.173,0.286,1.343
"Cat_18, Cat_8",Cat_11,0.173,0.812,1.343
"Cat_7, Cat_8",Cat_16,0.173,0.707,1.342
Cat_16,"Cat_7, Cat_8",0.173,0.329,1.342
"Cat_18, Cat_4",Cat_6,0.155,0.926,1.342
Cat_6,"Cat_18, Cat_4",0.155,0.224,1.342
"Cat_12, Cat_2",Cat_11,0.192,0.811,1.342
Cat_11,"Cat_12, Cat_2",0.192,0.317,1.342
"Cat_2, Cat_3",Cat_15,0.296,0.552,1.341
Cat_15,"Cat_2, Cat_3",0.296,0.719,1.341
"Cat_11, Cat_8",Cat_13,0.305,0.513,1.341
Cat_13,"Cat_11, Cat_8",0.305,0.799,1.341
"Cat_1, Cat_11",Cat_18,0.173,0.289,1.341
Cat_18,"Cat_1, Cat_11",0.173,0.804,1.341
Cat_11,"Cat_12, Cat_3",0.177,0.293,1.34
"Cat_12, Cat_3",Cat_11,0.177,0.81,1.34
Cat_16,"Cat_5, Cat_7",0.173,0.329,1.34
"Cat_5, Cat_7",Cat_16,0.173,0.706,1.34
"Cat_10, Cat_6",Cat_16,0.243,0.706,1.34
Cat_16,"Cat_10, Cat_6",0.243,0.462,1.34
Cat_3,"Cat_11, Cat_12",0.177,0.274,1.339
"Cat_11, Cat_12",Cat_3,0.177,0.867,1.339
Cat_11,"Cat_1, Cat_18",0.173,0.286,1.339
"Cat_1, Cat_18",Cat_11,0.173,0.81,1.339
Cat_11,"Cat_18, Cat_5",0.173,0.286,1.338
"Cat_18, Cat_5",Cat_11,0.173,0.809,1.338
"Cat_12, Cat_3",Cat_16,0.154,0.704,1.337
Cat_16,"Cat_12, Cat_3",0.154,0.292,1.337
Cat_16,Cat_7,0.174,0.33,1.336
Cat_7,Cat_16,0.174,0.704,1.336
Cat_6,"Cat_13, Cat_4",0.257,0.372,1.335
"Cat_13, Cat_4",Cat_6,0.257,0.921,1.335
"Cat_11, Cat_5",Cat_13,0.305,0.51,1.335
Cat_13,"Cat_11, Cat_5",0.305,0.797,1.335
"Cat_11, Cat_18",Cat_3,0.15,0.864,1.335
Cat_3,"Cat_11, Cat_18",0.15,0.232,1.335
"Cat_11, Cat_2",Cat_16,0.349,0.703,1.335
Cat_16,"Cat_11, Cat_2",0.349,0.662,1.335
Cat_18,Cat_11,0.174,0.807,1.334
Cat_11,Cat_18,0.174,0.287,1.334
"Cat_12, Cat_2",Cat_3,0.204,0.864,1.334
Cat_3,"Cat_12, Cat_2",0.204,0.315,1.334
Cat_3,"Cat_15, Cat_4",0.256,0.396,1.334
"Cat_15, Cat_4",Cat_3,0.256,0.863,1.334
"Cat_1, Cat_13",Cat_11,0.306,0.806,1.333
Cat_11,"Cat_1, Cat_13",0.306,0.506,1.333
"Cat_18, Cat_3",Cat_6,0.16,0.92,1.333
Cat_6,"Cat_18, Cat_3",0.16,0.231,1.333
Cat_13,"Cat_1, Cat_11",0.306,0.8,1.333
"Cat_1, Cat_11",Cat_13,0.306,0.509,1.333
"Cat_6, Cat_7",Cat_11,0.18,0.806,1.333
Cat_11,"Cat_6, Cat_7",0.18,0.298,1.333
Cat_11,"Cat_16, Cat_6",0.344,0.569,1.332
"Cat_16, Cat_6",Cat_11,0.344,0.805,1.332
Cat_4,"Cat_16, Cat_3",0.295,0.522,1.331
"Cat_16, Cat_3",Cat_4,0.295,0.753,1.331
Cat_3,"Cat_11, Cat_7",0.166,0.256,1.331
"Cat_11, Cat_7",Cat_3,0.166,0.862,1.331
"Cat_13, Cat_3",Cat_6,0.275,0.918,1.331
Cat_6,"Cat_13, Cat_3",0.275,0.399,1.331
"Cat_10, Cat_2",Cat_4,0.259,0.753,1.331
Cat_4,"Cat_10, Cat_2",0.259,0.457,1.331
Cat_16,"Cat_12, Cat_2",0.166,0.315,1.331
"Cat_12, Cat_2",Cat_16,0.166,0.701,1.331
Cat_6,"Cat_10, Cat_3",0.268,0.388,1.33
"Cat_10, Cat_3",Cat_6,0.268,0.918,1.33
"Cat_13, Cat_8",Cat_11,0.305,0.804,1.33
Cat_11,"Cat_13, Cat_8",0.305,0.505,1.33
Cat_7,"Cat_6, Cat_8",0.223,0.904,1.33
"Cat_6, Cat_8",Cat_7,0.223,0.328,1.33
Cat_7,"Cat_5, Cat_6",0.223,0.904,1.329
"Cat_5, Cat_6",Cat_7,0.223,0.328,1.329
Cat_3,"Cat_12, Cat_6",0.186,0.287,1.329
"Cat_12, Cat_6",Cat_3,0.186,0.86,1.329
Cat_6,"Cat_13, Cat_2",0.307,0.445,1.329
"Cat_13, Cat_2",Cat_6,0.307,0.917,1.329
"Cat_10, Cat_15",Cat_6,0.234,0.917,1.329
Cat_6,"Cat_10, Cat_15",0.234,0.339,1.329
Cat_11,"Cat_13, Cat_5",0.305,0.504,1.328
"Cat_13, Cat_5",Cat_11,0.305,0.803,1.328
Cat_16,"Cat_10, Cat_2",0.24,0.456,1.328
"Cat_10, Cat_2",Cat_16,0.24,0.699,1.328
"Cat_10, Cat_6",Cat_11,0.277,0.803,1.327
Cat_11,"Cat_10, Cat_6",0.277,0.458,1.327
Cat_13,Cat_11,0.306,0.801,1.325
Cat_11,Cat_13,0.306,0.506,1.325
Cat_4,"Cat_13, Cat_6",0.257,0.454,1.325
"Cat_13, Cat_6",Cat_4,0.257,0.75,1.325
Cat_6,"Cat_12, Cat_16",0.159,0.231,1.322
"Cat_12, Cat_16",Cat_6,0.159,0.913,1.322
"Cat_3, Cat_6",Cat_4,0.364,0.748,1.322
Cat_4,"Cat_3, Cat_6",0.364,0.642,1.322
"Cat_4, Cat_8",Cat_13,0.278,0.504,1.32
Cat_13,"Cat_4, Cat_8",0.278,0.726,1.32
"Cat_1, Cat_7",Cat_6,0.222,0.91,1.319
Cat_6,"Cat_1, Cat_7",0.222,0.322,1.319
Cat_3,"Cat_10, Cat_4",0.234,0.361,1.318
"Cat_10, Cat_4",Cat_3,0.234,0.853,1.318
Cat_7,"Cat_1, Cat_6",0.222,0.899,1.318
"Cat_1, Cat_6",Cat_7,0.222,0.325,1.318
Cat_6,"Cat_10, Cat_11",0.277,0.401,1.318
"Cat_10, Cat_11",Cat_6,0.277,0.91,1.318
Cat_6,"Cat_7, Cat_8",0.223,0.323,1.318
"Cat_7, Cat_8",Cat_6,0.223,0.909,1.318
Cat_2,"Cat_18, Cat_4",0.16,0.22,1.317
"Cat_18, Cat_4",Cat_2,0.16,0.957,1.317
"Cat_5, Cat_7",Cat_6,0.223,0.908,1.316
Cat_6,"Cat_5, Cat_7",0.223,0.323,1.316
"Cat_10, Cat_4",Cat_6,0.249,0.908,1.315
Cat_6,"Cat_10, Cat_4",0.249,0.361,1.315
Cat_2,"Cat_12, Cat_4",0.193,0.266,1.315
"Cat_12, Cat_4",Cat_2,0.193,0.956,1.315
Cat_3,"Cat_2, Cat_7",0.182,0.281,1.315
"Cat_2, Cat_7",Cat_3,0.182,0.851,1.315
Cat_4,"Cat_6, Cat_7",0.167,0.294,1.315
"Cat_6, Cat_7",Cat_4,0.167,0.744,1.315
Cat_3,"Cat_13, Cat_15",0.209,0.323,1.315
"Cat_13, Cat_15",Cat_3,0.209,0.851,1.315
Cat_2,"Cat_12, Cat_13",0.153,0.211,1.314
"Cat_12, Cat_13",Cat_2,0.153,0.956,1.314
"Cat_1, Cat_16",Cat_15,0.281,0.54,1.314
Cat_15,"Cat_1, Cat_16",0.281,0.684,1.314
Cat_7,Cat_6,0.224,0.906,1.314
Cat_6,Cat_7,0.224,0.324,1.314
"Cat_6, Cat_8",Cat_13,0.341,0.502,1.313
Cat_13,"Cat_6, Cat_8",0.341,0.893,1.313
"Cat_3, Cat_4",Cat_10,0.234,0.514,1.312
Cat_10,"Cat_3, Cat_4",0.234,0.598,1.312
"Cat_3, Cat_6",Cat_16,0.336,0.691,1.312
Cat_16,"Cat_3, Cat_6",0.336,0.638,1.312
"Cat_18, Cat_2",Cat_6,0.177,0.905,1.311
Cat_6,"Cat_18, Cat_2",0.177,0.256,1.311
"Cat_3, Cat_8",Cat_12,0.217,0.346,1.311
Cat_12,"Cat_3, Cat_8",0.217,0.823,1.311
Cat_3,"Cat_11, Cat_4",0.339,0.524,1.311
"Cat_11, Cat_4",Cat_3,0.339,0.848,1.311
"Cat_16, Cat_5",Cat_15,0.28,0.539,1.31
Cat_15,"Cat_16, Cat_5",0.28,0.681,1.31
Cat_16,"Cat_15, Cat_8",0.28,0.533,1.31
"Cat_15, Cat_8",Cat_16,0.28,0.69,1.31
"Cat_5, Cat_6",Cat_13,0.341,0.501,1.31
Cat_13,"Cat_5, Cat_6",0.341,0.891,1.31
Cat_6,"Cat_10, Cat_2",0.31,0.449,1.309
"Cat_10, Cat_2",Cat_6,0.31,0.904,1.309
"Cat_15, Cat_5",Cat_16,0.28,0.689,1.309
Cat_16,"Cat_15, Cat_5",0.28,0.532,1.309
Cat_7,"Cat_11, Cat_8",0.192,0.78,1.309
"Cat_11, Cat_8",Cat_7,0.192,0.323,1.309
"Cat_4, Cat_6",Cat_16,0.299,0.689,1.308
Cat_16,"Cat_4, Cat_6",0.299,0.568,1.308
Cat_15,"Cat_16, Cat_8",0.28,0.682,1.308
"Cat_16, Cat_8",Cat_15,0.28,0.538,1.308
Cat_2,"Cat_10, Cat_12",0.15,0.207,1.308
"Cat_10, Cat_12",Cat_2,0.15,0.951,1.308
Cat_10,"Cat_2, Cat_3",0.274,0.701,1.307
"Cat_2, Cat_3",Cat_10,0.274,0.512,1.307
"Cat_1, Cat_6",Cat_13,0.341,0.499,1.306
Cat_13,"Cat_1, Cat_6",0.341,0.891,1.306
Cat_11,"Cat_1, Cat_7",0.192,0.318,1.305
"Cat_1, Cat_7",Cat_11,0.192,0.789,1.305
Cat_2,"Cat_12, Cat_16",0.166,0.228,1.305
"Cat_12, Cat_16",Cat_2,0.166,0.948,1.305
Cat_16,"Cat_1, Cat_15",0.281,0.534,1.304
"Cat_1, Cat_15",Cat_16,0.281,0.687,1.304
"Cat_11, Cat_5",Cat_7,0.192,0.322,1.304
Cat_7,"Cat_11, Cat_5",0.192,0.779,1.304
Cat_6,"Cat_15, Cat_16",0.253,0.367,1.303
"Cat_15, Cat_16",Cat_6,0.253,0.899,1.303
"Cat_15, Cat_4",Cat_2,0.281,0.947,1.303
Cat_2,"Cat_15, Cat_4",0.281,0.387,1.303
Cat_3,"Cat_2, Cat_4",0.408,0.63,1.303
"Cat_2, Cat_4",Cat_3,0.408,0.843,1.303
Cat_18,"Cat_6, Cat_8",0.191,0.886,1.302
"Cat_6, Cat_8",Cat_18,0.191,0.28,1.302
Cat_6,"Cat_13, Cat_8",0.341,0.494,1.302
"Cat_13, Cat_8",Cat_6,0.341,0.899,1.302
Cat_15,"Cat_4, Cat_8",0.295,0.716,1.302
"Cat_4, Cat_8",Cat_15,0.295,0.535,1.302
"Cat_4, Cat_8",Cat_7,0.177,0.321,1.301
Cat_7,"Cat_4, Cat_8",0.177,0.716,1.301
Cat_6,"Cat_1, Cat_13",0.341,0.493,1.301
"Cat_1, Cat_13",Cat_6,0.341,0.898,1.301
Cat_15,Cat_16,0.282,0.685,1.301
Cat_16,Cat_15,0.282,0.535,1.301
Cat_6,"Cat_13, Cat_5",0.341,0.493,1.301
"Cat_13, Cat_5",Cat_6,0.341,0.898,1.301
"Cat_1, Cat_4",Cat_13,0.278,0.497,1.3
Cat_13,"Cat_1, Cat_4",0.278,0.728,1.3
"Cat_11, Cat_8",Cat_10,0.303,0.509,1.3
Cat_10,"Cat_11, Cat_8",0.303,0.775,1.3
Cat_6,"Cat_18, Cat_8",0.191,0.276,1.3
"Cat_18, Cat_8",Cat_6,0.191,0.897,1.3
"Cat_11, Cat_2",Cat_4,0.365,0.736,1.3
Cat_4,"Cat_11, Cat_2",0.365,0.645,1.3
Cat_2,"Cat_11, Cat_18",0.164,0.226,1.299
"Cat_11, Cat_18",Cat_2,0.164,0.944,1.299
"Cat_1, Cat_11",Cat_7,0.192,0.321,1.299
Cat_7,"Cat_1, Cat_11",0.192,0.779,1.299
"Cat_13, Cat_15",Cat_2,0.232,0.944,1.299
Cat_2,"Cat_13, Cat_15",0.232,0.319,1.299
Cat_2,"Cat_13, Cat_4",0.263,0.362,1.298
"Cat_13, Cat_4",Cat_2,0.263,0.944,1.298
"Cat_5, Cat_6",Cat_18,0.19,0.279,1.298
Cat_18,"Cat_5, Cat_6",0.19,0.882,1.298
Cat_13,Cat_6,0.342,0.896,1.298
Cat_6,Cat_13,0.342,0.496,1.298
Cat_18,"Cat_1, Cat_6",0.19,0.885,1.298
"Cat_1, Cat_6",Cat_18,0.19,0.279,1.298
Cat_11,"Cat_4, Cat_6",0.341,0.563,1.297
"Cat_4, Cat_6",Cat_11,0.341,0.785,1.297
"Cat_1, Cat_13",Cat_4,0.278,0.734,1.297
Cat_4,"Cat_1, Cat_13",0.278,0.492,1.297
Cat_2,"Cat_10, Cat_4",0.259,0.356,1.297
"Cat_10, Cat_4",Cat_2,0.259,0.943,1.297
Cat_11,"Cat_7, Cat_8",0.192,0.318,1.297
"Cat_7, Cat_8",Cat_11,0.192,0.784,1.297
"Cat_11, Cat_8",Cat_12,0.204,0.342,1.297
Cat_12,"Cat_11, Cat_8",0.204,0.772,1.297
Cat_3,"Cat_13, Cat_16",0.23,0.356,1.296
"Cat_13, Cat_16",Cat_3,0.23,0.839,1.296
"Cat_18, Cat_3",Cat_2,0.164,0.942,1.296
Cat_2,"Cat_18, Cat_3",0.164,0.225,1.296
"Cat_10, Cat_8",Cat_11,0.303,0.784,1.296
Cat_11,"Cat_10, Cat_8",0.303,0.501,1.296
"Cat_4, Cat_5",Cat_13,0.278,0.495,1.296
Cat_13,"Cat_4, Cat_5",0.278,0.726,1.296
Cat_11,"Cat_1, Cat_10",0.303,0.501,1.296
"Cat_1, Cat_10",Cat_11,0.303,0.783,1.296
Cat_3,"Cat_4, Cat_6",0.364,0.562,1.294
"Cat_4, Cat_6",Cat_3,0.364,0.838,1.294
Cat_2,"Cat_16, Cat_18",0.151,0.207,1.294
"Cat_16, Cat_18",Cat_2,0.151,0.941,1.294
Cat_11,"Cat_10, Cat_5",0.302,0.499,1.294
"Cat_10, Cat_5",Cat_11,0.302,0.782,1.294
Cat_11,"Cat_5, Cat_7",0.192,0.318,1.294
"Cat_5, Cat_7",Cat_11,0.192,0.782,1.294
Cat_2,"Cat_10, Cat_3",0.274,0.377,1.293
"Cat_10, Cat_3",Cat_2,0.274,0.94,1.293
"Cat_18, Cat_2",Cat_3,0.164,0.837,1.293
Cat_3,"Cat_18, Cat_2",0.164,0.253,1.293
Cat_4,"Cat_13, Cat_5",0.278,0.49,1.293
"Cat_13, Cat_5",Cat_4,0.278,0.732,1.293
"Cat_18, Cat_6",Cat_3,0.16,0.836,1.292
Cat_3,"Cat_18, Cat_6",0.16,0.247,1.292
"Cat_11, Cat_5",Cat_10,0.302,0.506,1.292
Cat_10,"Cat_11, Cat_5",0.302,0.771,1.292
"Cat_11, Cat_12",Cat_2,0.192,0.939,1.292
Cat_2,"Cat_11, Cat_12",0.192,0.264,1.292
"Cat_13, Cat_8",Cat_4,0.278,0.731,1.291
Cat_4,"Cat_13, Cat_8",0.278,0.49,1.291
Cat_6,"Cat_11, Cat_12",0.182,0.264,1.291
"Cat_11, Cat_12",Cat_6,0.182,0.891,1.291
Cat_2,"Cat_10, Cat_15",0.239,0.329,1.291
"Cat_10, Cat_15",Cat_2,0.239,0.939,1.291
"Cat_13, Cat_2",Cat_3,0.28,0.836,1.291
Cat_3,"Cat_13, Cat_2",0.28,0.432,1.291
Cat_11,Cat_7,0.193,0.319,1.291
Cat_7,Cat_11,0.193,0.781,1.291
"Cat_1, Cat_12",Cat_11,0.203,0.78,1.291
Cat_11,"Cat_1, Cat_12",0.203,0.336,1.291
"Cat_11, Cat_5",Cat_12,0.204,0.341,1.291
Cat_12,"Cat_11, Cat_5",0.204,0.771,1.291
"Cat_1, Cat_11",Cat_10,0.303,0.505,1.291
Cat_10,"Cat_1, Cat_11",0.303,0.775,1.291
Cat_6,"Cat_1, Cat_18",0.19,0.276,1.29
"Cat_1, Cat_18",Cat_6,0.19,0.89,1.29
Cat_4,Cat_13,0.279,0.492,1.288
Cat_13,Cat_4,0.279,0.729,1.288
"Cat_18, Cat_5",Cat_6,0.19,0.888,1.287
Cat_6,"Cat_18, Cat_5",0.19,0.275,1.287
Cat_15,"Cat_1, Cat_4",0.296,0.721,1.287
"Cat_1, Cat_4",Cat_15,0.296,0.529,1.287
Cat_2,"Cat_12, Cat_6",0.202,0.278,1.286
"Cat_12, Cat_6",Cat_2,0.202,0.935,1.286
Cat_6,Cat_18,0.191,0.277,1.286
Cat_18,Cat_6,0.191,0.887,1.286
Cat_2,"Cat_12, Cat_3",0.204,0.281,1.286
"Cat_12, Cat_3",Cat_2,0.204,0.935,1.286
"Cat_6, Cat_8",Cat_10,0.342,0.503,1.286
Cat_10,"Cat_6, Cat_8",0.342,0.874,1.286
Cat_10,Cat_11,0.304,0.777,1.285
Cat_11,Cat_10,0.304,0.503,1.285
"Cat_12, Cat_8",Cat_11,0.204,0.777,1.285
Cat_11,"Cat_12, Cat_8",0.204,0.337,1.285
Cat_3,"Cat_11, Cat_13",0.255,0.393,1.285
"Cat_11, Cat_13",Cat_3,0.255,0.831,1.285
"Cat_15, Cat_5",Cat_4,0.296,0.727,1.284
Cat_4,"Cat_15, Cat_5",0.296,0.522,1.284
Cat_3,"Cat_15, Cat_16",0.234,0.362,1.284
"Cat_15, Cat_16",Cat_3,0.234,0.831,1.284
Cat_2,"Cat_15, Cat_3",0.296,0.407,1.283
"Cat_15, Cat_3",Cat_2,0.296,0.933,1.283
"Cat_1, Cat_11",Cat_12,0.203,0.339,1.283
Cat_12,"Cat_1, Cat_11",0.203,0.77,1.283
Cat_2,"Cat_13, Cat_3",0.28,0.385,1.283
"Cat_13, Cat_3",Cat_2,0.28,0.933,1.283
Cat_2,"Cat_10, Cat_13",0.228,0.313,1.283
"Cat_10, Cat_13",Cat_2,0.228,0.933,1.283
"Cat_12, Cat_5",Cat_11,0.204,0.776,1.283
Cat_11,"Cat_12, Cat_5",0.204,0.337,1.283
"Cat_1, Cat_3",Cat_12,0.216,0.339,1.282
Cat_12,"Cat_1, Cat_3",0.216,0.818,1.282
"Cat_4, Cat_5",Cat_15,0.296,0.527,1.282
Cat_15,"Cat_4, Cat_5",0.296,0.719,1.282
"Cat_1, Cat_7",Cat_4,0.177,0.726,1.282
Cat_4,"Cat_1, Cat_7",0.177,0.313,1.282
Cat_10,"Cat_5, Cat_6",0.341,0.872,1.282
"Cat_5, Cat_6",Cat_10,0.341,0.502,1.282
"Cat_3, Cat_5",Cat_12,0.218,0.339,1.282
Cat_12,"Cat_3, Cat_5",0.218,0.824,1.282
Cat_6,"Cat_10, Cat_8",0.342,0.496,1.282
"Cat_10, Cat_8",Cat_6,0.342,0.885,1.282
Cat_3,"Cat_1, Cat_12",0.216,0.334,1.281
"Cat_1, Cat_12",Cat_3,0.216,0.829,1.281
"Cat_12, Cat_5",Cat_3,0.218,0.829,1.281
Cat_3,"Cat_12, Cat_5",0.218,0.336,1.281
Cat_6,"Cat_10, Cat_5",0.341,0.494,1.281
"Cat_10, Cat_5",Cat_6,0.341,0.884,1.281
Cat_4,"Cat_15, Cat_8",0.295,0.52,1.281
"Cat_15, Cat_8",Cat_4,0.295,0.725,1.281
Cat_10,"Cat_1, Cat_6",0.342,0.873,1.28
"Cat_1, Cat_6",Cat_10,0.342,0.501,1.28
"Cat_4, Cat_5",Cat_7,0.177,0.316,1.28
Cat_7,"Cat_4, Cat_5",0.177,0.717,1.28
Cat_7,"Cat_1, Cat_4",0.177,0.717,1.28
"Cat_1, Cat_4",Cat_7,0.177,0.316,1.28
"Cat_1, Cat_10",Cat_6,0.342,0.883,1.279
Cat_6,"Cat_1, Cat_10",0.342,0.495,1.279
"Cat_6, Cat_7",Cat_3,0.185,0.828,1.279
Cat_3,"Cat_6, Cat_7",0.185,0.286,1.279
Cat_12,Cat_11,0.204,0.773,1.279
Cat_11,Cat_12,0.204,0.338,1.279
Cat_4,"Cat_1, Cat_15",0.296,0.524,1.279
"Cat_1, Cat_15",Cat_4,0.296,0.724,1.279
Cat_6,"Cat_15, Cat_4",0.262,0.379,1.278
"Cat_15, Cat_4",Cat_6,0.262,0.882,1.278
"Cat_12, Cat_8",Cat_3,0.217,0.827,1.278
Cat_3,"Cat_12, Cat_8",0.217,0.336,1.278
Cat_3,Cat_12,0.218,0.338,1.278
Cat_12,Cat_3,0.218,0.827,1.278
Cat_6,"Cat_16, Cat_4",0.299,0.433,1.277
"Cat_16, Cat_4",Cat_6,0.299,0.881,1.277
"Cat_15, Cat_3",Cat_6,0.279,0.881,1.277
Cat_6,"Cat_15, Cat_3",0.279,0.405,1.277
Cat_6,Cat_10,0.345,0.5,1.276
Cat_10,Cat_6,0.345,0.881,1.276
"Cat_3, Cat_8",Cat_7,0.198,0.315,1.276
Cat_7,"Cat_3, Cat_8",0.198,0.801,1.276
"Cat_3, Cat_8",Cat_18,0.172,0.275,1.276
Cat_18,"Cat_3, Cat_8",0.172,0.8,1.276
"Cat_10, Cat_6",Cat_4,0.249,0.722,1.275
Cat_4,"Cat_10, Cat_6",0.249,0.44,1.275
Cat_18,"Cat_2, Cat_8",0.194,0.901,1.275
"Cat_2, Cat_8",Cat_18,0.194,0.274,1.275
Cat_15,Cat_4,0.297,0.721,1.275
Cat_4,Cat_15,0.297,0.524,1.275
"Cat_18, Cat_6",Cat_2,0.177,0.926,1.274
Cat_2,"Cat_18, Cat_6",0.177,0.243,1.274
Cat_3,"Cat_10, Cat_16",0.214,0.33,1.274
"Cat_10, Cat_16",Cat_3,0.214,0.824,1.274
"Cat_10, Cat_16",Cat_2,0.24,0.926,1.274
Cat_2,"Cat_10, Cat_16",0.24,0.33,1.274
Cat_4,"Cat_5, Cat_7",0.177,0.313,1.274
"Cat_5, Cat_7",Cat_4,0.177,0.721,1.274
"Cat_2, Cat_6",Cat_16,0.366,0.671,1.274
Cat_16,"Cat_2, Cat_6",0.366,0.696,1.274
Cat_4,"Cat_7, Cat_8",0.177,0.312,1.272
"Cat_7, Cat_8",Cat_4,0.177,0.72,1.272
Cat_2,"Cat_4, Cat_7",0.164,0.225,1.27
"Cat_4, Cat_7",Cat_2,0.164,0.923,1.27
Cat_4,Cat_7,0.177,0.313,1.27
Cat_7,Cat_4,0.177,0.719,1.27
"Cat_11, Cat_13",Cat_2,0.283,0.923,1.269
Cat_2,"Cat_11, Cat_13",0.283,0.389,1.269
Cat_4,"Cat_11, Cat_16",0.287,0.507,1.269
"Cat_11, Cat_16",Cat_4,0.287,0.718,1.269
Cat_16,"Cat_10, Cat_8",0.259,0.491,1.269
"Cat_10, Cat_8",Cat_16,0.259,0.668,1.269
Cat_12,"Cat_16, Cat_8",0.175,0.661,1.269
"Cat_16, Cat_8",Cat_12,0.175,0.335,1.269
"Cat_10, Cat_5",Cat_16,0.258,0.668,1.269
Cat_16,"Cat_10, Cat_5",0.258,0.49,1.269
"Cat_11, Cat_8",Cat_16,0.398,0.668,1.268
Cat_16,"Cat_11, Cat_8",0.398,0.756,1.268
"Cat_16, Cat_2",Cat_4,0.307,0.718,1.268
Cat_4,"Cat_16, Cat_2",0.307,0.542,1.268
"Cat_16, Cat_5",Cat_12,0.174,0.335,1.267
Cat_12,"Cat_16, Cat_5",0.174,0.659,1.267
Cat_10,"Cat_16, Cat_8",0.259,0.66,1.267
"Cat_16, Cat_8",Cat_10,0.259,0.496,1.267
"Cat_16, Cat_5",Cat_10,0.258,0.496,1.267
Cat_10,"Cat_16, Cat_5",0.258,0.659,1.267
Cat_10,"Cat_1, Cat_16",0.258,0.659,1.266
"Cat_1, Cat_16",Cat_10,0.258,0.495,1.266
Cat_2,"Cat_11, Cat_15",0.311,0.428,1.266
"Cat_11, Cat_15",Cat_2,0.311,0.92,1.266
Cat_11,"Cat_1, Cat_16",0.398,0.659,1.265
"Cat_1, Cat_16",Cat_11,0.398,0.765,1.265
Cat_16,"Cat_1, Cat_10",0.258,0.49,1.265
"Cat_1, Cat_10",Cat_16,0.258,0.666,1.265
Cat_11,"Cat_3, Cat_6",0.372,0.615,1.265
"Cat_3, Cat_6",Cat_11,0.372,0.765,1.265
Cat_3,"Cat_10, Cat_13",0.2,0.309,1.265
"Cat_10, Cat_13",Cat_3,0.2,0.819,1.265
"Cat_11, Cat_6",Cat_4,0.341,0.716,1.265
Cat_4,"Cat_11, Cat_6",0.341,0.602,1.265
Cat_16,"Cat_1, Cat_12",0.173,0.329,1.264
"Cat_1, Cat_12",Cat_16,0.173,0.666,1.264
"Cat_15, Cat_16",Cat_2,0.259,0.919,1.264
Cat_2,"Cat_15, Cat_16",0.259,0.356,1.264
Cat_2,"Cat_16, Cat_7",0.16,0.219,1.264
"Cat_16, Cat_7",Cat_2,0.16,0.919,1.264
Cat_12,"Cat_2, Cat_8",0.236,0.893,1.264
"Cat_2, Cat_8",Cat_12,0.236,0.334,1.264
"Cat_15, Cat_6",Cat_3,0.279,0.818,1.264
Cat_3,"Cat_15, Cat_6",0.279,0.431,1.264
"Cat_10, Cat_11",Cat_2,0.279,0.919,1.263
Cat_2,"Cat_10, Cat_11",0.279,0.384,1.263
"Cat_12, Cat_8",Cat_16,0.175,0.665,1.263
Cat_16,"Cat_12, Cat_8",0.175,0.332,1.263
"Cat_10, Cat_15",Cat_3,0.208,0.818,1.263
Cat_3,"Cat_10, Cat_15",0.208,0.322,1.263
"Cat_13, Cat_16",Cat_2,0.252,0.918,1.263
Cat_2,"Cat_13, Cat_16",0.252,0.346,1.263
"Cat_2, Cat_5",Cat_18,0.195,0.272,1.263
Cat_18,"Cat_2, Cat_5",0.195,0.905,1.263
Cat_6,"Cat_11, Cat_15",0.295,0.427,1.263
"Cat_11, Cat_15",Cat_6,0.295,0.871,1.263
"Cat_4, Cat_8",Cat_10,0.272,0.494,1.263
Cat_10,"Cat_4, Cat_8",0.272,0.695,1.263
Cat_11,"Cat_16, Cat_8",0.398,0.658,1.262
"Cat_16, Cat_8",Cat_11,0.398,0.763,1.262
"Cat_1, Cat_16",Cat_12,0.173,0.333,1.262
Cat_12,"Cat_1, Cat_16",0.173,0.657,1.262
Cat_16,"Cat_11, Cat_5",0.397,0.753,1.261
"Cat_11, Cat_5",Cat_16,0.397,0.664,1.261
"Cat_16, Cat_5",Cat_11,0.397,0.763,1.261
Cat_11,"Cat_16, Cat_5",0.397,0.656,1.261
Cat_6,"Cat_12, Cat_4",0.176,0.255,1.26
"Cat_12, Cat_4",Cat_6,0.176,0.87,1.26
"Cat_1, Cat_11",Cat_16,0.398,0.664,1.26
Cat_16,"Cat_1, Cat_11",0.398,0.756,1.26
"Cat_15, Cat_6",Cat_2,0.313,0.916,1.26
Cat_2,"Cat_15, Cat_6",0.313,0.43,1.26
"Cat_1, Cat_3",Cat_18,0.173,0.271,1.26
Cat_18,"Cat_1, Cat_3",0.173,0.804,1.26
Cat_18,"Cat_1, Cat_2",0.195,0.906,1.26
"Cat_1, Cat_2",Cat_18,0.195,0.271,1.26
"Cat_12, Cat_5",Cat_16,0.174,0.663,1.259
Cat_16,"Cat_12, Cat_5",0.174,0.33,1.259
Cat_2,"Cat_3, Cat_7",0.182,0.25,1.259
"Cat_3, Cat_7",Cat_2,0.182,0.915,1.259
Cat_16,Cat_10,0.259,0.492,1.258
Cat_10,Cat_16,0.259,0.662,1.258
Cat_16,Cat_12,0.175,0.332,1.256
Cat_12,Cat_16,0.175,0.661,1.256
Cat_2,"Cat_11, Cat_4",0.365,0.502,1.256
"Cat_11, Cat_4",Cat_2,0.365,0.913,1.256
Cat_2,"Cat_18, Cat_8",0.194,0.267,1.256
"Cat_18, Cat_8",Cat_2,0.194,0.913,1.256
Cat_16,Cat_11,0.4,0.759,1.255
Cat_11,Cat_16,0.4,0.661,1.255
"Cat_2, Cat_6",Cat_4,0.388,0.71,1.255
Cat_4,"Cat_2, Cat_6",0.388,0.685,1.255
"Cat_1, Cat_18",Cat_2,0.195,0.912,1.254
Cat_2,"Cat_1, Cat_18",0.195,0.268,1.254
Cat_7,"Cat_1, Cat_3",0.197,0.8,1.254
"Cat_1, Cat_3",Cat_7,0.197,0.309,1.254
"Cat_18, Cat_5",Cat_2,0.195,0.911,1.253
Cat_2,"Cat_18, Cat_5",0.195,0.268,1.253
Cat_2,"Cat_11, Cat_7",0.176,0.241,1.253
"Cat_11, Cat_7",Cat_2,0.176,0.911,1.253
"Cat_3, Cat_5",Cat_18,0.173,0.27,1.253
Cat_18,"Cat_3, Cat_5",0.173,0.805,1.253
"Cat_18, Cat_8",Cat_3,0.172,0.811,1.253
Cat_3,"Cat_18, Cat_8",0.172,0.266,1.253
Cat_3,"Cat_18, Cat_5",0.173,0.268,1.252
"Cat_18, Cat_5",Cat_3,0.173,0.81,1.252
"Cat_4, Cat_5",Cat_3,0.454,0.81,1.252
Cat_3,"Cat_4, Cat_5",0.454,0.701,1.252
Cat_3,"Cat_1, Cat_7",0.197,0.305,1.251
"Cat_1, Cat_7",Cat_3,0.197,0.81,1.251
"Cat_1, Cat_3",Cat_4,0.451,0.708,1.25
Cat_4,"Cat_1, Cat_3",0.451,0.798,1.25
"Cat_3, Cat_5",Cat_7,0.198,0.309,1.25
Cat_7,"Cat_3, Cat_5",0.198,0.803,1.25
Cat_2,Cat_18,0.196,0.269,1.25
Cat_18,Cat_2,0.196,0.909,1.25
Cat_3,"Cat_1, Cat_18",0.173,0.267,1.249
"Cat_1, Cat_18",Cat_3,0.173,0.809,1.249
"Cat_1, Cat_10",Cat_4,0.274,0.707,1.249
Cat_4,"Cat_1, Cat_10",0.274,0.484,1.249
Cat_15,"Cat_2, Cat_8",0.363,0.882,1.248
"Cat_2, Cat_8",Cat_15,0.363,0.513,1.248
Cat_3,"Cat_15, Cat_2",0.296,0.457,1.248
"Cat_15, Cat_2",Cat_3,0.296,0.808,1.248
Cat_10,"Cat_1, Cat_4",0.274,0.699,1.248
"Cat_1, Cat_4",Cat_10,0.274,0.489,1.248
Cat_4,"Cat_3, Cat_5",0.454,0.802,1.248
"Cat_3, Cat_5",Cat_4,0.454,0.706,1.248
Cat_4,"Cat_3, Cat_8",0.443,0.783,1.248
"Cat_3, Cat_8",Cat_4,0.443,0.706,1.248
"Cat_10, Cat_5",Cat_4,0.273,0.706,1.248
Cat_4,"Cat_10, Cat_5",0.273,0.482,1.248
Cat_11,"Cat_2, Cat_6",0.412,0.682,1.248
"Cat_2, Cat_6",Cat_11,0.412,0.755,1.248
"Cat_2, Cat_4",Cat_11,0.365,0.754,1.248
Cat_11,"Cat_2, Cat_4",0.365,0.604,1.248
Cat_3,"Cat_5, Cat_7",0.198,0.306,1.247
"Cat_5, Cat_7",Cat_3,0.198,0.807,1.247
"Cat_2, Cat_5",Cat_12,0.236,0.329,1.247
Cat_12,"Cat_2, Cat_5",0.236,0.894,1.247
"Cat_11, Cat_16",Cat_6,0.344,0.86,1.247
Cat_6,"Cat_11, Cat_16",0.344,0.498,1.247
Cat_3,Cat_18,0.174,0.268,1.246
Cat_18,Cat_3,0.174,0.807,1.246
Cat_3,"Cat_1, Cat_4",0.451,0.697,1.245
"Cat_1, Cat_4",Cat_3,0.451,0.806,1.245
"Cat_16, Cat_2",Cat_3,0.344,0.806,1.245
Cat_3,"Cat_16, Cat_2",0.344,0.532,1.245
"Cat_4, Cat_8",Cat_3,0.443,0.806,1.245
Cat_3,"Cat_4, Cat_8",0.443,0.685,1.245
Cat_3,"Cat_11, Cat_15",0.272,0.421,1.244
"Cat_11, Cat_15",Cat_3,0.272,0.805,1.244
Cat_3,"Cat_7, Cat_8",0.198,0.305,1.244
"Cat_7, Cat_8",Cat_3,0.198,0.805,1.244
Cat_4,Cat_3,0.455,0.805,1.243
Cat_3,Cat_4,0.455,0.704,1.243
"Cat_16, Cat_4",Cat_2,0.307,0.904,1.243
Cat_2,"Cat_16, Cat_4",0.307,0.422,1.243
Cat_7,Cat_3,0.199,0.805,1.243
Cat_3,Cat_7,0.199,0.307,1.243
Cat_13,"Cat_3, Cat_8",0.298,0.78,1.243
"Cat_3, Cat_8",Cat_13,0.298,0.475,1.243
"Cat_4, Cat_5",Cat_10,0.273,0.487,1.243
Cat_10,"Cat_4, Cat_5",0.273,0.696,1.243
Cat_6,"Cat_16, Cat_2",0.366,0.531,1.243
"Cat_16, Cat_2",Cat_6,0.366,0.857,1.243
"Cat_13, Cat_6",Cat_3,0.275,0.804,1.242
Cat_3,"Cat_13, Cat_6",0.275,0.425,1.242
"Cat_11, Cat_16",Cat_3,0.321,0.804,1.242
Cat_3,"Cat_11, Cat_16",0.321,0.496,1.242
Cat_4,"Cat_10, Cat_8",0.272,0.481,1.242
"Cat_10, Cat_8",Cat_4,0.272,0.703,1.242
Cat_6,"Cat_16, Cat_3",0.336,0.487,1.242
"Cat_16, Cat_3",Cat_6,0.336,0.857,1.242
"Cat_1, Cat_12",Cat_2,0.235,0.902,1.241
Cat_2,"Cat_1, Cat_12",0.235,0.323,1.241
Cat_3,"Cat_10, Cat_11",0.244,0.377,1.24
"Cat_10, Cat_11",Cat_3,0.244,0.802,1.24
Cat_6,"Cat_12, Cat_2",0.202,0.293,1.239
"Cat_12, Cat_2",Cat_6,0.202,0.855,1.239
"Cat_15, Cat_2",Cat_6,0.313,0.854,1.238
Cat_6,"Cat_15, Cat_2",0.313,0.453,1.238
"Cat_16, Cat_6",Cat_4,0.299,0.7,1.238
Cat_4,"Cat_16, Cat_6",0.299,0.528,1.238
"Cat_12, Cat_5",Cat_2,0.236,0.9,1.238
Cat_2,"Cat_12, Cat_5",0.236,0.325,1.238
Cat_4,Cat_10,0.274,0.484,1.237
Cat_10,Cat_4,0.274,0.7,1.237
"Cat_10, Cat_6",Cat_2,0.31,0.9,1.237
Cat_2,"Cat_10, Cat_6",0.31,0.427,1.237
"Cat_1, Cat_2",Cat_12,0.235,0.327,1.237
Cat_12,"Cat_1, Cat_2",0.235,0.89,1.237
"Cat_12, Cat_8",Cat_2,0.236,0.899,1.236
Cat_2,"Cat_12, Cat_8",0.236,0.325,1.236
"Cat_10, Cat_2",Cat_3,0.274,0.799,1.235
Cat_3,"Cat_10, Cat_2",0.274,0.424,1.235
Cat_6,"Cat_11, Cat_4",0.341,0.493,1.234
"Cat_11, Cat_4",Cat_6,0.341,0.852,1.234
"Cat_12, Cat_3",Cat_6,0.186,0.852,1.234
Cat_6,"Cat_12, Cat_3",0.186,0.27,1.234
"Cat_1, Cat_2",Cat_15,0.365,0.507,1.233
Cat_15,"Cat_1, Cat_2",0.365,0.887,1.233
Cat_13,"Cat_2, Cat_8",0.333,0.871,1.233
"Cat_2, Cat_8",Cat_13,0.333,0.471,1.233
"Cat_13, Cat_6",Cat_2,0.307,0.896,1.232
Cat_2,"Cat_13, Cat_6",0.307,0.422,1.232
"Cat_3, Cat_4",Cat_2,0.408,0.896,1.232
Cat_2,"Cat_3, Cat_4",0.408,0.561,1.232
Cat_11,"Cat_3, Cat_4",0.339,0.561,1.232
"Cat_3, Cat_4",Cat_11,0.339,0.745,1.232
Cat_12,Cat_2,0.236,0.895,1.231
Cat_2,Cat_12,0.236,0.325,1.231
"Cat_3, Cat_4",Cat_16,0.295,0.648,1.231
Cat_16,"Cat_3, Cat_4",0.295,0.561,1.231
"Cat_2, Cat_5",Cat_15,0.363,0.506,1.231
Cat_15,"Cat_2, Cat_5",0.363,0.882,1.231
"Cat_2, Cat_8",Cat_10,0.34,0.482,1.23
Cat_10,"Cat_2, Cat_8",0.34,0.869,1.23
"Cat_4, Cat_6",Cat_2,0.388,0.894,1.229
Cat_2,"Cat_4, Cat_6",0.388,0.534,1.229
Cat_2,"Cat_15, Cat_8",0.363,0.499,1.228
"Cat_15, Cat_8",Cat_2,0.363,0.893,1.228
Cat_2,"Cat_15, Cat_5",0.363,0.499,1.228
"Cat_15, Cat_5",Cat_2,0.363,0.893,1.228
Cat_2,"Cat_1, Cat_15",0.365,0.502,1.226
"Cat_1, Cat_15",Cat_2,0.365,0.891,1.226
Cat_3,"Cat_11, Cat_2",0.393,0.607,1.224
"Cat_11, Cat_2",Cat_3,0.393,0.792,1.224
Cat_2,"Cat_6, Cat_7",0.199,0.274,1.224
"Cat_6, Cat_7",Cat_2,0.199,0.89,1.224
Cat_2,Cat_15,0.366,0.503,1.224
Cat_15,Cat_2,0.366,0.89,1.224
"Cat_1, Cat_3",Cat_13,0.298,0.468,1.224
Cat_13,"Cat_1, Cat_3",0.298,0.781,1.224
"Cat_11, Cat_3",Cat_2,0.393,0.888,1.222
Cat_2,"Cat_11, Cat_3",0.393,0.541,1.222
"Cat_2, Cat_8",Cat_7,0.213,0.301,1.22
Cat_7,"Cat_2, Cat_8",0.213,0.862,1.22
"Cat_3, Cat_8",Cat_15,0.315,0.502,1.22
Cat_15,"Cat_3, Cat_8",0.315,0.766,1.22
"Cat_2, Cat_3",Cat_16,0.344,0.642,1.22
Cat_16,"Cat_2, Cat_3",0.344,0.654,1.22
"Cat_13, Cat_5",Cat_3,0.299,0.789,1.219
Cat_3,"Cat_13, Cat_5",0.299,0.463,1.219
Cat_13,"Cat_3, Cat_5",0.299,0.783,1.219
"Cat_3, Cat_5",Cat_13,0.299,0.466,1.219
Cat_6,"Cat_11, Cat_3",0.372,0.539,1.217
"Cat_11, Cat_3",Cat_6,0.372,0.84,1.217
Cat_3,"Cat_1, Cat_13",0.298,0.461,1.216
"Cat_1, Cat_13",Cat_3,0.298,0.787,1.216
Cat_15,"Cat_6, Cat_8",0.34,0.827,1.216
"Cat_6, Cat_8",Cat_15,0.34,0.5,1.216
Cat_3,"Cat_16, Cat_6",0.336,0.519,1.216
"Cat_16, Cat_6",Cat_3,0.336,0.787,1.216
Cat_2,"Cat_1, Cat_10",0.342,0.47,1.216
"Cat_1, Cat_10",Cat_2,0.342,0.884,1.216
"Cat_2, Cat_5",Cat_13,0.333,0.464,1.215
Cat_13,"Cat_2, Cat_5",0.333,0.871,1.215
Cat_10,"Cat_1, Cat_2",0.342,0.874,1.215
"Cat_1, Cat_2",Cat_10,0.342,0.475,1.215
"Cat_1, Cat_6",Cat_15,0.341,0.499,1.214
Cat_15,"Cat_1, Cat_6",0.341,0.828,1.214
Cat_15,"Cat_5, Cat_6",0.34,0.825,1.214
"Cat_5, Cat_6",Cat_15,0.34,0.499,1.214
Cat_13,"Cat_1, Cat_2",0.334,0.873,1.214
"Cat_1, Cat_2",Cat_13,0.334,0.464,1.214
Cat_3,"Cat_13, Cat_8",0.298,0.461,1.213
"Cat_13, Cat_8",Cat_3,0.298,0.785,1.213
"Cat_2, Cat_3",Cat_11,0.393,0.733,1.213
Cat_11,"Cat_2, Cat_3",0.393,0.65,1.213
Cat_6,"Cat_15, Cat_8",0.34,0.493,1.213
"Cat_15, Cat_8",Cat_6,0.34,0.837,1.213
Cat_10,"Cat_2, Cat_5",0.34,0.869,1.212
"Cat_2, Cat_5",Cat_10,0.34,0.475,1.212
"Cat_10, Cat_5",Cat_2,0.34,0.881,1.212
Cat_2,"Cat_10, Cat_5",0.34,0.468,1.212
Cat_13,Cat_3,0.3,0.784,1.212
Cat_3,Cat_13,0.3,0.463,1.212
"Cat_1, Cat_13",Cat_2,0.334,0.88,1.21
Cat_2,"Cat_1, Cat_13",0.334,0.459,1.21
Cat_6,"Cat_15, Cat_5",0.34,0.492,1.21
"Cat_15, Cat_5",Cat_6,0.34,0.835,1.21
"Cat_10, Cat_8",Cat_2,0.34,0.88,1.21
Cat_2,"Cat_10, Cat_8",0.34,0.468,1.21
Cat_2,"Cat_16, Cat_3",0.344,0.473,1.209
"Cat_16, Cat_3",Cat_2,0.344,0.879,1.209
"Cat_11, Cat_6",Cat_3,0.372,0.781,1.207
Cat_3,"Cat_11, Cat_6",0.372,0.574,1.207
Cat_2,"Cat_13, Cat_5",0.333,0.458,1.207
"Cat_13, Cat_5",Cat_2,0.333,0.877,1.207
"Cat_13, Cat_8",Cat_2,0.333,0.877,1.206
Cat_2,"Cat_13, Cat_8",0.333,0.458,1.206
Cat_10,Cat_2,0.343,0.877,1.206
Cat_2,Cat_10,0.343,0.472,1.206
Cat_15,"Cat_1, Cat_3",0.316,0.769,1.205
"Cat_1, Cat_3",Cat_15,0.316,0.496,1.205
"Cat_1, Cat_15",Cat_6,0.341,0.831,1.205
Cat_6,"Cat_1, Cat_15",0.341,0.493,1.205
Cat_13,Cat_2,0.335,0.875,1.204
Cat_2,Cat_13,0.335,0.46,1.204
Cat_6,"Cat_11, Cat_2",0.412,0.597,1.204
"Cat_11, Cat_2",Cat_6,0.412,0.831,1.204
"Cat_3, Cat_6",Cat_2,0.425,0.875,1.203
Cat_2,"Cat_3, Cat_6",0.425,0.585,1.203
"Cat_2, Cat_4",Cat_16,0.307,0.634,1.203
Cat_16,"Cat_2, Cat_4",0.307,0.582,1.203
Cat_7,"Cat_2, Cat_5",0.213,0.862,1.203
"Cat_2, Cat_5",Cat_7,0.213,0.297,1.203
Cat_6,Cat_15,0.341,0.495,1.203
Cat_15,Cat_6,0.341,0.83,1.203
"Cat_2, Cat_6",Cat_3,0.425,0.778,1.203
Cat_3,"Cat_2, Cat_6",0.425,0.657,1.203
Cat_3,"Cat_15, Cat_5",0.316,0.489,1.202
"Cat_15, Cat_5",Cat_3,0.316,0.778,1.202
Cat_12,"Cat_5, Cat_6",0.216,0.817,1.201
"Cat_5, Cat_6",Cat_12,0.216,0.317,1.201
Cat_12,"Cat_6, Cat_8",0.216,0.817,1.201
"Cat_6, Cat_8",Cat_12,0.216,0.317,1.201
Cat_3,"Cat_10, Cat_6",0.268,0.414,1.2
"Cat_10, Cat_6",Cat_3,0.268,0.777,1.2
"Cat_11, Cat_16",Cat_2,0.349,0.873,1.2
Cat_2,"Cat_11, Cat_16",0.349,0.48,1.2
"Cat_1, Cat_7",Cat_2,0.212,0.871,1.198
Cat_2,"Cat_1, Cat_7",0.212,0.292,1.198
"Cat_15, Cat_8",Cat_3,0.315,0.775,1.197
Cat_3,"Cat_15, Cat_8",0.315,0.486,1.197
"Cat_3, Cat_5",Cat_15,0.316,0.492,1.196
Cat_15,"Cat_3, Cat_5",0.316,0.769,1.196
Cat_7,"Cat_1, Cat_2",0.212,0.86,1.196
"Cat_1, Cat_2",Cat_7,0.212,0.295,1.196
"Cat_1, Cat_12",Cat_6,0.215,0.824,1.194
Cat_6,"Cat_1, Cat_12",0.215,0.311,1.194
Cat_3,"Cat_1, Cat_15",0.316,0.489,1.193
"Cat_1, Cat_15",Cat_3,0.316,0.772,1.193
Cat_2,"Cat_7, Cat_8",0.213,0.293,1.193
"Cat_7, Cat_8",Cat_2,0.213,0.867,1.193
"Cat_1, Cat_6",Cat_12,0.215,0.315,1.192
Cat_12,"Cat_1, Cat_6",0.215,0.813,1.192
Cat_2,"Cat_5, Cat_7",0.213,0.293,1.192
"Cat_5, Cat_7",Cat_2,0.213,0.867,1.192
Cat_2,"Cat_11, Cat_6",0.412,0.567,1.191
"Cat_11, Cat_6",Cat_2,0.412,0.866,1.191
"Cat_12, Cat_5",Cat_6,0.216,0.822,1.191
Cat_6,"Cat_12, Cat_5",0.216,0.313,1.191
Cat_11,"Cat_4, Cat_8",0.396,0.655,1.191
"Cat_4, Cat_8",Cat_11,0.396,0.72,1.191
Cat_6,"Cat_12, Cat_8",0.216,0.313,1.191
"Cat_12, Cat_8",Cat_6,0.216,0.822,1.191
Cat_15,Cat_3,0.317,0.771,1.19
Cat_3,Cat_15,0.317,0.49,1.19
Cat_7,Cat_2,0.214,0.865,1.19
Cat_2,Cat_7,0.214,0.294,1.19
"Cat_6, Cat_8",Cat_16,0.425,0.625,1.187
Cat_16,"Cat_6, Cat_8",0.425,0.807,1.187
Cat_12,Cat_6,0.216,0.819,1.187
Cat_6,Cat_12,0.216,0.313,1.187
Cat_4,"Cat_2, Cat_5",0.481,0.849,1.185
"Cat_2, Cat_5",Cat_4,0.481,0.67,1.185
"Cat_4, Cat_8",Cat_2,0.473,0.86,1.183
Cat_2,"Cat_4, Cat_8",0.473,0.651,1.183
Cat_4,"Cat_2, Cat_8",0.473,0.836,1.183
"Cat_2, Cat_8",Cat_4,0.473,0.669,1.183
Cat_16,"Cat_5, Cat_6",0.423,0.804,1.183
"Cat_5, Cat_6",Cat_16,0.423,0.623,1.183
Cat_6,"Cat_16, Cat_8",0.425,0.616,1.182
"Cat_16, Cat_8",Cat_6,0.425,0.815,1.182
Cat_10,"Cat_3, Cat_8",0.29,0.742,1.182
"Cat_3, Cat_8",Cat_10,0.29,0.463,1.182
"Cat_1, Cat_2",Cat_4,0.481,0.668,1.181
Cat_4,"Cat_1, Cat_2",0.481,0.85,1.181
Cat_2,"Cat_1, Cat_4",0.481,0.661,1.181
"Cat_1, Cat_4",Cat_2,0.481,0.859,1.181
Cat_2,"Cat_16, Cat_6",0.366,0.504,1.181
"Cat_16, Cat_6",Cat_2,0.366,0.858,1.181
"Cat_16, Cat_5",Cat_6,0.423,0.814,1.18
Cat_6,"Cat_16, Cat_5",0.423,0.614,1.18
"Cat_4, Cat_5",Cat_2,0.481,0.858,1.18
Cat_2,"Cat_4, Cat_5",0.481,0.661,1.18
"Cat_1, Cat_6",Cat_16,0.424,0.621,1.18
Cat_16,"Cat_1, Cat_6",0.424,0.804,1.18
"Cat_1, Cat_16",Cat_6,0.424,0.814,1.179
Cat_6,"Cat_1, Cat_16",0.424,0.614,1.179
"Cat_11, Cat_5",Cat_4,0.398,0.667,1.179
Cat_4,"Cat_11, Cat_5",0.398,0.704,1.179
"Cat_3, Cat_8",Cat_16,0.389,0.621,1.178
Cat_16,"Cat_3, Cat_8",0.389,0.74,1.178
"Cat_1, Cat_4",Cat_11,0.399,0.712,1.178
Cat_11,"Cat_1, Cat_4",0.399,0.659,1.178
"Cat_4, Cat_5",Cat_11,0.398,0.711,1.176
Cat_11,"Cat_4, Cat_5",0.398,0.659,1.176
Cat_4,Cat_2,0.484,0.855,1.176
Cat_2,Cat_4,0.484,0.665,1.176
"Cat_11, Cat_8",Cat_4,0.396,0.665,1.175
Cat_4,"Cat_11, Cat_8",0.396,0.7,1.175
Cat_6,Cat_16,0.427,0.618,1.174
Cat_16,Cat_6,0.427,0.81,1.174
Cat_4,"Cat_1, Cat_11",0.399,0.705,1.174
"Cat_1, Cat_11",Cat_4,0.399,0.664,1.174
Cat_4,Cat_11,0.4,0.706,1.168
Cat_11,Cat_4,0.4,0.661,1.168
"Cat_10, Cat_5",Cat_3,0.291,0.755,1.166
Cat_3,"Cat_10, Cat_5",0.291,0.45,1.166
Cat_10,"Cat_1, Cat_3",0.291,0.742,1.164
"Cat_1, Cat_3",Cat_10,0.291,0.456,1.164
Cat_16,"Cat_4, Cat_8",0.337,0.64,1.163
"Cat_4, Cat_8",Cat_16,0.337,0.612,1.163
"Cat_2, Cat_4",Cat_6,0.388,0.802,1.162
Cat_6,"Cat_2, Cat_4",0.388,0.562,1.162
Cat_3,"Cat_16, Cat_5",0.391,0.604,1.161
"Cat_16, Cat_5",Cat_3,0.391,0.752,1.161
"Cat_1, Cat_10",Cat_3,0.291,0.751,1.16
Cat_3,"Cat_1, Cat_10",0.291,0.449,1.16
"Cat_10, Cat_8",Cat_3,0.29,0.75,1.159
Cat_3,"Cat_10, Cat_8",0.29,0.448,1.159
Cat_16,"Cat_1, Cat_3",0.389,0.739,1.158
"Cat_1, Cat_3",Cat_16,0.389,0.61,1.158
"Cat_3, Cat_5",Cat_10,0.291,0.453,1.158
Cat_10,"Cat_3, Cat_5",0.291,0.744,1.158
Cat_6,"Cat_3, Cat_4",0.364,0.527,1.157
"Cat_3, Cat_4",Cat_6,0.364,0.798,1.157
Cat_3,"Cat_1, Cat_16",0.389,0.601,1.155
"Cat_1, Cat_16",Cat_3,0.389,0.748,1.155
"Cat_3, Cat_5",Cat_16,0.391,0.608,1.155
Cat_16,"Cat_3, Cat_5",0.391,0.742,1.155
"Cat_3, Cat_8",Cat_11,0.438,0.698,1.155
Cat_11,"Cat_3, Cat_8",0.438,0.725,1.155
Cat_3,"Cat_16, Cat_8",0.389,0.602,1.154
"Cat_16, Cat_8",Cat_3,0.389,0.747,1.154
Cat_3,Cat_10,0.292,0.451,1.152
Cat_10,Cat_3,0.292,0.745,1.152
Cat_6,"Cat_11, Cat_8",0.473,0.686,1.151
"Cat_11, Cat_8",Cat_6,0.473,0.794,1.151
Cat_11,"Cat_6, Cat_8",0.473,0.783,1.151
"Cat_6, Cat_8",Cat_11,0.473,0.696,1.151
Cat_11,"Cat_5, Cat_6",0.473,0.782,1.15
"Cat_5, Cat_6",Cat_11,0.473,0.695,1.15
Cat_3,"Cat_2, Cat_5",0.534,0.824,1.15
"Cat_2, Cat_5",Cat_3,0.534,0.744,1.15
"Cat_2, Cat_3",Cat_6,0.425,0.793,1.15
Cat_6,"Cat_2, Cat_3",0.425,0.616,1.15
Cat_3,Cat_16,0.392,0.605,1.15
Cat_16,Cat_3,0.392,0.744,1.15
"Cat_1, Cat_6",Cat_11,0.474,0.695,1.149
Cat_11,"Cat_1, Cat_6",0.474,0.784,1.149
"Cat_16, Cat_5",Cat_4,0.338,0.65,1.149
Cat_4,"Cat_16, Cat_5",0.338,0.597,1.149
"Cat_2, Cat_8",Cat_11,0.491,0.695,1.149
Cat_11,"Cat_2, Cat_8",0.491,0.812,1.149
Cat_2,"Cat_3, Cat_8",0.524,0.721,1.148
"Cat_3, Cat_8",Cat_2,0.524,0.835,1.148
"Cat_1, Cat_3",Cat_2,0.532,0.834,1.148
Cat_2,"Cat_1, Cat_3",0.532,0.732,1.148
Cat_6,"Cat_11, Cat_5",0.473,0.685,1.148
"Cat_11, Cat_5",Cat_6,0.473,0.792,1.148
Cat_4,"Cat_1, Cat_16",0.338,0.597,1.146
"Cat_1, Cat_16",Cat_4,0.338,0.649,1.146
Cat_16,"Cat_4, Cat_5",0.338,0.642,1.146
"Cat_4, Cat_5",Cat_16,0.338,0.603,1.146
"Cat_2, Cat_8",Cat_3,0.524,0.741,1.145
Cat_3,"Cat_2, Cat_8",0.524,0.809,1.145
"Cat_1, Cat_4",Cat_16,0.338,0.603,1.145
Cat_16,"Cat_1, Cat_4",0.338,0.641,1.145
"Cat_1, Cat_11",Cat_6,0.474,0.79,1.145
Cat_6,"Cat_1, Cat_11",0.474,0.687,1.145
"Cat_1, Cat_2",Cat_3,0.532,0.74,1.143
Cat_3,"Cat_1, Cat_2",0.532,0.822,1.143
Cat_3,"Cat_11, Cat_5",0.442,0.682,1.143
"Cat_11, Cat_5",Cat_3,0.442,0.74,1.143
Cat_11,"Cat_1, Cat_3",0.441,0.729,1.142
"Cat_1, Cat_3",Cat_11,0.441,0.691,1.142
"Cat_16, Cat_8",Cat_4,0.337,0.646,1.142
Cat_4,"Cat_16, Cat_8",0.337,0.595,1.142
"Cat_3, Cat_5",Cat_2,0.534,0.83,1.142
Cat_2,"Cat_3, Cat_5",0.534,0.734,1.142
Cat_6,Cat_11,0.476,0.69,1.14
Cat_11,Cat_6,0.476,0.787,1.14
"Cat_2, Cat_8",Cat_16,0.424,0.6,1.14
Cat_16,"Cat_2, Cat_8",0.424,0.806,1.14
Cat_2,Cat_3,0.536,0.737,1.139
Cat_3,Cat_2,0.536,0.828,1.139
Cat_4,Cat_16,0.339,0.599,1.138
Cat_16,Cat_4,0.339,0.644,1.138
"Cat_2, Cat_5",Cat_11,0.493,0.688,1.138
Cat_11,"Cat_2, Cat_5",0.493,0.816,1.138
Cat_11,"Cat_1, Cat_2",0.495,0.818,1.137
"Cat_1, Cat_2",Cat_11,0.495,0.688,1.137
Cat_2,"Cat_11, Cat_5",0.493,0.678,1.136
"Cat_11, Cat_5",Cat_2,0.493,0.826,1.136
"Cat_3, Cat_5",Cat_11,0.442,0.687,1.136
Cat_11,"Cat_3, Cat_5",0.442,0.73,1.136
Cat_3,"Cat_11, Cat_8",0.438,0.677,1.136
"Cat_11, Cat_8",Cat_3,0.438,0.735,1.136
Cat_6,"Cat_4, Cat_8",0.431,0.624,1.135
"Cat_4, Cat_8",Cat_6,0.431,0.783,1.135
"Cat_1, Cat_11",Cat_3,0.441,0.734,1.135
Cat_3,"Cat_1, Cat_11",0.441,0.681,1.135
"Cat_1, Cat_11",Cat_2,0.495,0.824,1.134
Cat_2,"Cat_1, Cat_11",0.495,0.68,1.134
"Cat_11, Cat_8",Cat_2,0.491,0.824,1.134
Cat_2,"Cat_11, Cat_8",0.491,0.675,1.134
Cat_11,Cat_3,0.443,0.732,1.131
Cat_3,Cat_11,0.443,0.684,1.131
Cat_2,Cat_11,0.496,0.682,1.129
Cat_11,Cat_2,0.496,0.821,1.129
"Cat_2, Cat_5",Cat_16,0.425,0.592,1.125
Cat_16,"Cat_2, Cat_5",0.425,0.806,1.125
"Cat_1, Cat_16",Cat_2,0.425,0.817,1.123
Cat_2,"Cat_1, Cat_16",0.425,0.585,1.123
Cat_2,"Cat_16, Cat_5",0.425,0.584,1.123
"Cat_16, Cat_5",Cat_2,0.425,0.817,1.123
Cat_16,"Cat_1, Cat_2",0.425,0.807,1.122
"Cat_1, Cat_2",Cat_16,0.425,0.591,1.122
Cat_4,"Cat_5, Cat_6",0.432,0.763,1.122
"Cat_5, Cat_6",Cat_4,0.432,0.635,1.122
"Cat_1, Cat_6",Cat_4,0.433,0.634,1.121
Cat_4,"Cat_1, Cat_6",0.433,0.764,1.121
Cat_4,"Cat_6, Cat_8",0.431,0.761,1.119
"Cat_6, Cat_8",Cat_4,0.431,0.634,1.119
"Cat_1, Cat_4",Cat_6,0.433,0.772,1.119
Cat_6,"Cat_1, Cat_4",0.433,0.627,1.119
"Cat_16, Cat_8",Cat_2,0.424,0.814,1.119
Cat_2,"Cat_16, Cat_8",0.424,0.583,1.119
"Cat_4, Cat_5",Cat_6,0.432,0.77,1.116
Cat_6,"Cat_4, Cat_5",0.432,0.626,1.116
Cat_2,Cat_16,0.427,0.588,1.116
Cat_16,Cat_2,0.427,0.811,1.116
Cat_4,Cat_6,0.434,0.767,1.111
Cat_6,Cat_4,0.434,0.629,1.111
"Cat_3, Cat_8",Cat_6,0.481,0.767,1.111
Cat_6,"Cat_3, Cat_8",0.481,0.697,1.111
Cat_6,"Cat_2, Cat_8",0.541,0.785,1.11
"Cat_2, Cat_8",Cat_6,0.541,0.766,1.11
"Cat_5, Cat_6",Cat_3,0.485,0.713,1.102
Cat_3,"Cat_5, Cat_6",0.485,0.749,1.102
